{"stat.entityKilledBy.SpecialMobs.PlagueZombie":2,"stat.leaveGame":6,"stat.entityKilledBy.SpecialMobs.FishingZombie":1,"stat.mineBlock.13":34,"stat.mineBlock.17":121,"stat.mineBlock.autogen.TConstruct:ToolStationBlock":3,"stat.swimOneCm":5133,"stat.climbOneCm":24353,"stat.entityKilledBy.SpecialMobs.FireSkeleton":1,"achievement.buildWorkBench":1,"achievement.exploreAllBiomes":{"value":0,"progress":["Garden","Sludgepit","Heathland","Lush Desert","Seasonal Forest","Prairie","Tropical Rainforest","Hot Plains","Hot River"]},"stat.craftItem.autogen.TConstruct:pickaxe":1,"stat.entityKilledBy.Spider":1,"stat.mineBlock.autogen.BiomesOPlenty:flowers2":5,"stat.entityKilledBy.SpecialMobs.JumpingCreeper":1,"stat.mineBlock.4":329,"stat.mineBlock.5":178,"stat.mineBlock.3":327,"stat.killEntity.SpecialMobs.BrutishSkeleton":1,"stat.mineBlock.1":34,"serverutilities.stat.time_afk":9465,"stat.useItem.autogen.Railcraft:track":1,"stat.mineBlock.6":1,"stat.flyOneCm":169662,"stat.useItem.autogen.BiomesOPlenty:flowers":1,"stat.mineBlock.autogen.harvestcraft:leafygarden":2,"stat.mineBlock.autogen.harvestcraft:stalkgarden":1,"stat.mineBlock.autogen.BiomesOPlenty:foliage":222,"stat.mineBlock.autogen.BiomesOPlenty:plants":1,"stat.mineBlock.autogen.Railcraft:track":1,"stat.entityKilledBy.enderzoo.FallenKnight":1,"stat.mineBlock.autogen.BiomesOPlenty:fruitBop":1,"stat.mineBlock.autogen.harvestcraft:gourdgarden":1,"stat.craftItem.autogen.harvestcraft:muttoncookedItem":1,"stat.useItem.autogen.Natura:BerryBush":21,"stat.mineBlock.autogen.BiomesOPlenty:logs4":6,"stat.mineBlock.autogen.BiomesOPlenty:logs3":1,"stat.craftItem.autogen.TConstruct:shovel":4,"stat.mineBlock.175":2,"stat.mineBlock.autogen.TConstruct:CraftingStation":1,"stat.mineBlock.autogen.Forestry:apiculture":1,"stat.useItem.324":3,"stat.mineBlock.autogen.harvestcraft:mushroomgarden":7,"achievement.mineWood":126,"stat.useItem.85":2,"achievement.openInventory":165,"stat.killEntity.SpecialMobs.PoisonSpider":1,"stat.entityKilledBy.SpecialMobs.SniperSkeleton":1,"stat.entityKilledBy.Creeper":1,"stat.craftItem.58":1,"stat.deaths":28,"stat.drop":60,"stat.playOneMinute":259295,"stat.killEntity.Sheep":2,"stat.mineBlock.172":10,"stat.mineBlock.autogen.harvestcraft:herbgarden":1,"stat.mineBlock.autogen.harvestcraft:tropicalgarden":2,"stat.useItem.65":4,"stat.useItem.61":1,"stat.useItem.autogen.TConstruct:shovel":332,"stat.useItem.autogen.TConstruct:pickaxe":316,"stat.mineBlock.81":1,"stat.mineBlock.85":40,"stat.jump":2317,"stat.fallOneCm":53195,"stat.mineBlock.autogen.BiomesOPlenty:flowers":3,"stat.craftItem.5":242,"stat.damageTaken":20631,"stat.entityKilledBy.SpecialMobs.SpitfireSkeleton":1,"stat.mineBlock.61":1,"stat.mineBlock.65":4,"stat.useItem.autogen.gregtech:gt.metatool.01":202,"stat.mineBlock.67":1,"stat.useItem.53":2,"stat.useItem.54":7,"stat.useItem.50":2,"stat.entityKilledBy.Zombie":7,"stat.damageDealt":1741,"stat.mineBlock.72":1,"stat.killEntity.Pig":1,"stat.useItem.58":6,"stat.useItem.autogen.TConstruct:ToolStationBlock":4,"stat.craftItem.autogen.TConstruct:hatchet":4,"stat.mineBlock.47":7,"stat.useItem.autogen.TConstruct:hatchet":198,"stat.killEntity.SpecialMobs.SniperSkeleton":1,"stat.walkOneCm":1441897,"stat.entityKilledBy.SpecialMobs.MotherSpider":3,"stat.killEntity.SpecialMobs.GhostSpider":2,"stat.mineBlock.autogen.harvestcraft:berrygarden":2,"stat.craftItem.autogen.BiomesOPlenty:planks":4,"stat.useItem.autogen.TConstruct:CraftingStation":1,"stat.mineBlock.44":11,"stat.mineBlock.autogen.Natura:BerryBush":22,"stat.mineBlock.58":5,"stat.useItem.33":1,"stat.mineBlock.103":6,"stat.mineBlock.102":20,"stat.useItem.39":1,"stat.mineBlock.50":3,"stat.useItem.35":10,"stat.mineBlock.54":7,"stat.mineBlock.53":2,"stat.mineBlock.autogen.BiomesOPlenty:mud":6,"stat.entityKilledBy.SpecialMobs.BrutishZombie":2,"stat.killEntity.Spider":1,"stat.mobKills":11,"stat.killEntity.SpecialMobs.PoisonSkeleton":1,"stat.craftItem.393":24,"stat.mineBlock.35":11,"stat.mineBlock.39":1,"stat.useItem.4":354,"stat.useItem.5":399,"stat.useItem.3":154,"stat.mineBlock.32":1,"stat.mineBlock.31":147,"stat.useItem.390":1,"stat.mineBlock.33":2}