{"stat.useItem.autogen.harvestcraft:artichokeseedItem":1,"stat.leaveGame":10,"stat.craftItem.autogen.harvestcraft:celeryseedItem":1,"stat.mineBlock.13":124,"stat.mineBlock.18":12,"stat.mineBlock.17":184,"stat.entityKilledBy.SpecialMobs.DeathCreeper":1,"stat.useItem.autogen.harvestcraft:stalkgarden":1,"stat.mineBlock.12":199,"stat.craftItem.autogen.TConstruct:pickaxe":4,"stat.craftItem.autogen.TConstruct:trap.barricade.oak":2,"stat.entityKilledBy.SpecialMobs.GravityCreeper":1,"stat.craftItem.autogen.harvestcraft:gingerseedItem":1,"serverutilities.stat.time_afk":45494,"stat.useItem.autogen.BiomesOPlenty:flowers":1,"achievement.buildPickaxe":1,"stat.useItem.autogen.BiomesOPlenty:flowers2":2,"achievement.buildBetterPickaxe":1,"stat.mineBlock.175":1,"lootgames.find_dungeon":1,"stat.mineBlock.autogen.Forestry:apiculture":1,"achievement.mineWood":229,"stat.craftItem.autogen.dreamcraft:item.WoodenBrickForm":1,"achievement.openInventory":378,"stat.killEntity.SpecialMobs.PoisonSpider":2,"stat.mineBlock.162":27,"stat.mineBlock.159":3,"stat.mineBlock.autogen.Thaumcraft:blockMagicalLog":3,"stat.craftItem.autogen.gregtech:gt.metatool.01":15,"stat.useItem.autogen.Natura:barley.seed":2,"stat.killEntity.SpecialMobs.ToughSilverfish":2,"stat.deaths":27,"stat.killEntity.SpecialMobs.FireSkeleton":1,"stat.playOneMinute":497043,"stat.killEntity.SpecialMobs.GiantZombie":1,"stat.mineBlock.autogen.Railcraft:machine.alpha":2,"stat.useItem.autogen.TConstruct:pickaxe":372,"stat.useItem.autogen.harvestcraft:tomatoseedItem":1,"stat.craftItem.autogen.dreamcraft:item.UnfiredCokeOvenBrick":108,"stat.fallOneCm":71840,"stat.mineBlock.autogen.OpenBlocks:grave":1,"stat.entityKilledBy.Thaumcraft.CultistCleric":1,"achievement.killCow":16,"stat.killEntity.SpecialMobs.BabySpider":9,"stat.craftItem.1":41,"stat.mineBlock.autogen.BiomesOPlenty:flowers":1,"stat.craftItem.5":80,"stat.useItem.autogen.gregtech:gt.metatool.01":425,"stat.useItem.autogen.harvestcraft:herbgarden":1,"stat.useItem.autogen.harvestcraft:gingerseedItem":1,"stat.useItem.autogen.TConstruct:ToolStationBlock":13,"stat.useItem.autogen.harvestcraft:spinachseedItem":1,"stat.mineBlock.autogen.BiomesOPlenty:colorizedLeaves2":1,"stat.useItem.autogen.harvestcraft:broccoliseedItem":1,"coke_oven":2,"stat.entityKilledBy.SpecialMobs.GiantZombie":1,"stat.craftItem.autogen.harvestcraft:spinachseedItem":1,"stat.useItem.6":13,"stat.useItem.4":101,"stat.useItem.5":113,"stat.useItem.3":112,"stat.craftItem.autogen.harvestcraft:chilipepperseedItem":1,"stat.useItem.355":2,"stat.useItem.autogen.Railcraft:machine.alpha":28,"stat.craftItem.61":1,"stat.useItem.autogen.harvestcraft:pamorangeSapling":1,"stat.useItem.autogen.amazingtrophies:trophy":1,"stat.craftItem.autogen.Railcraft:machine.alpha":26,"stat.craftItem.339":16,"stat.entityKilledBy.SpecialMobs.DarkCreeper":2,"stat.swimOneCm":44974,"stat.mineBlock.autogen.TConstruct:ToolStationBlock":5,"stat.climbOneCm":38850,"achievement.buildWorkBench":21,"achievement.exploreAllBiomes":{"value":0,"progress":["Garden","Snow Forest","Magical Forest","Seasonal Forest","Prairie","Tropical Rainforest","Wet River","Frost Forest","Grove","Temperate River","Sludgepit","Heathland","Lush Desert","Mountain","Hot Desert","Hot Plains","Hot River"]},"stat.entityKilledBy.SpecialMobs.NinjaSkeleton":2,"stat.craftItem.autogen.gregtech:gt.metaitem.02":20,"stat.craftItem.autogen.gregtech:gt.metaitem.01":144,"stat.mineBlock.autogen.BiomesOPlenty:flowers2":2,"stat.craftItem.autogen.Natura:barley.seed":2,"stat.craftItem.autogen.TConstruct:blankPattern":4,"stat.mineBlock.4":264,"stat.mineBlock.5":68,"stat.mineBlock.3":98,"stat.killEntity.SpecialMobs.BrutishSkeleton":1,"stat.mineBlock.1":79,"stat.killEntity.SpecialMobs.FlyingSilverfish":5,"stat.mineBlock.6":4,"stat.flyOneCm":341506,"stat.killEntity.SpecialMobs.BlindingSilverfish":1,"stat.craftItem.355":1,"stat.mineBlock.autogen.BiomesOPlenty:foliage":116,"stat.mineBlock.autogen.BiomesOPlenty:plants":1,"stat.entityKilledBy.enderzoo.FallenKnight":2,"stat.craftItem.autogen.IguanaTweaksTConstruct:clayBucketUnfired":3,"stat.killEntity.SpecialMobs.SmallSpider":1,"stat.useItem.autogen.harvestcraft:tropicalgarden":2,"stat.useItem.autogen.Natura:BerryBush":1,"stat.breakItem.298":1,"stat.useItem.autogen.harvestcraft:chilipepperseedItem":1,"stat.mineBlock.autogen.TConstruct:CraftingStation":4,"stat.craftItem.autogen.TConstruct:ToolStationBlock":4,"stat.craftItem.autogen.harvestcraft:broccoliseedItem":1,"stat.craftItem.autogen.dreamcraft:item.CokeOvenBrick":108,"stat.killEntity.SpecialMobs.FlyingSpider":1,"stat.useItem.324":2,"stat.killEntity.enderzoo.FallenKnight":1,"stat.craftItem.35":3,"stat.entityKilledBy.Skeleton":1,"achievement.buildSword":2,"stat.entityKilledBy.SpecialMobs.BlindingSilverfish":1,"stat.useItem.autogen.harvestcraft:scallionseedItem":1,"stat.entityKilledBy.SpecialMobs.ToughSpider":1,"stat.craftItem.autogen.harvestcraft:artichokeseedItem":1,"achievement.killEnemy":42,"achievement.buildFurnace":1,"stat.craftItem.58":1,"stat.drop":120,"stat.killEntity.Sheep":9,"stat.craftItem.54":6,"stat.killEntity.Zombie":1,"stat.diveOneCm":26394,"stat.mineBlock.autogen.Thaumcraft:blockMagicalLeaves":115,"stat.useItem.65":6,"stat.useItem.61":3,"achievement.buildHoe":1,"stat.killEntity.SpecialMobs.GiantSkeleton":1,"stat.mineBlock.82":79,"stat.mineBlock.85":4,"stat.killEntity.SpecialMobs.PoisonSilverfish":4,"stat.mineBlock.autogen.Thaumcraft:blockAiry":3,"stat.killEntity.SpecialMobs.FishingSilverfish":2,"stat.useItem.72":1,"stat.jump":3217,"stat.craftItem.171":3,"stat.mineBlock.autogen.Thaumcraft:blockManaPod":2,"stat.mineBlock.97":5,"stat.useItem.44":5,"stat.useItem.autogen.harvestcraft:celeryseedItem":1,"stat.damageTaken":21029,"stat.craftItem.autogen.IguanaTweaksTConstruct:clayBucketFired":3,"stat.mineBlock.61":2,"stat.mineBlock.65":3,"stat.useItem.53":9,"stat.useItem.54":12,"stat.mineBlock.79":5,"stat.useItem.autogen.harvestcraft:cabbageseedItem":1,"stat.useItem.50":32,"stat.entityKilledBy.Zombie":5,"stat.entityKilledBy.SpecialMobs.BabySpider":1,"stat.damageDealt":14813,"stat.killEntity.Silverfish":4,"stat.killEntity.Cow":16,"stat.killEntity.Pig":11,"stat.useItem.58":4,"stat.craftItem.autogen.TConstruct:hatchet":3,"stat.useItem.autogen.TConstruct:hatchet":277,"stat.useItem.397":1,"stat.useItem.276":113,"stat.walkOneCm":1867483,"stat.entityKilledBy.SpecialMobs.MotherSpider":2,"stat.killEntity.SpecialMobs.MiniCreeper":1,"lootgames.win_game":1,"stat.useItem.autogen.TConstruct:CraftingStation":3,"stat.mineBlock.44":7,"stat.mineBlock.58":4,"stat.craftItem.autogen.harvestcraft:tomatoseedItem":1,"stat.useItem.autogen.harvestcraft:leafygarden":2,"stat.mineBlock.103":1,"stat.mineBlock.102":3,"stat.mineBlock.50":22,"stat.useItem.35":10,"stat.mineBlock.54":6,"stat.mineBlock.53":34,"stat.killEntity.SpecialMobs.WitchSpider":3,"stat.killEntity.Skeleton":1,"stat.mineBlock.autogen.BiomesOPlenty:leaves2":12,"stat.killEntity.SpecialMobs.MotherSpider":1,"stat.mineBlock.autogen.BiomesOPlenty:mud":1,"stat.entityKilledBy.SpecialMobs.BrutishZombie":1,"stat.mineBlock.autogen.BiomesOPlenty:leaves3":15,"stat.killEntity.Chicken":1,"stat.craftItem.280":38,"stat.mobKills":84,"stat.craftItem.393":70,"stat.mineBlock.35":19,"stat.useItem.12":52,"stat.craftItem.autogen.harvestcraft:cabbageseedItem":1,"stat.entityKilledBy.Silverfish":1,"stat.craftItem.autogen.harvestcraft:scallionseedItem":1,"flintpick":1,"stat.useItem.17":5,"stat.mineBlock.30":6,"stat.useItem.13":1,"stat.mineBlock.31":116,"stat.useItem.390":1,"stat.mineBlock.33":1}