{"stat.entityKilledBy.SpecialMobs.PlagueZombie":2,"stat.leaveGame":9,"stat.entityKilledBy.SpecialMobs.FishingZombie":1,"stat.mineBlock.13":168,"stat.mineBlock.18":5,"stat.mineBlock.17":142,"stat.mineBlock.autogen.TConstruct:ToolStationBlock":9,"stat.swimOneCm":50205,"stat.climbOneCm":41259,"stat.entityKilledBy.SpecialMobs.FireSkeleton":1,"achievement.buildWorkBench":1,"achievement.exploreAllBiomes":{"value":0,"progress":["Garden","Snow Forest","Magical Forest","Seasonal Forest","Prairie","Tropical Rainforest","Frost Forest","Temperate River","Sludgepit","Heathland","Lush Desert","Mountain","Eerie","Hot Plains","Temperate Forest","Hot River","Highland"]},"stat.entityKilledBy.SpecialMobs.NinjaSkeleton":1,"stat.mineBlock.12":292,"stat.craftItem.autogen.TConstruct:pickaxe":15,"stat.craftItem.autogen.gregtech:gt.metaitem.02":64,"stat.entityKilledBy.Spider":1,"stat.mineBlock.autogen.BiomesOPlenty:flowers2":5,"stat.entityKilledBy.SpecialMobs.JumpingCreeper":1,"stat.mineBlock.4":784,"stat.mineBlock.5":517,"stat.mineBlock.3":426,"stat.killEntity.SpecialMobs.BrutishSkeleton":1,"stat.mineBlock.1":43,"stat.killEntity.SpecialMobs.FlyingSilverfish":2,"serverutilities.stat.time_afk":35228,"stat.useItem.autogen.Railcraft:track":1,"stat.mineBlock.6":4,"stat.flyOneCm":245050,"stat.craftItem.351":8,"stat.killEntity.SpecialMobs.BlindingSilverfish":6,"stat.useItem.102":16,"stat.useItem.autogen.BiomesOPlenty:flowers":1,"stat.mineBlock.autogen.harvestcraft:leafygarden":2,"stat.mineBlock.autogen.harvestcraft:stalkgarden":1,"stat.mineBlock.autogen.BiomesOPlenty:foliage":260,"stat.mineBlock.autogen.BiomesOPlenty:plants":1,"stat.mineBlock.autogen.Railcraft:track":1,"stat.entityKilledBy.enderzoo.FallenKnight":3,"stat.mineBlock.autogen.BiomesOPlenty:fruitBop":9,"stat.mineBlock.autogen.harvestcraft:gourdgarden":1,"stat.craftItem.autogen.harvestcraft:muttoncookedItem":1,"stat.entityKilledBy.SpecialMobs.ArmorCreeper":1,"stat.craftItem.autogen.harvestcraft:cornseedItem":14,"stat.useItem.autogen.Natura:BerryBush":43,"stat.mineBlock.autogen.BiomesOPlenty:logs4":6,"stat.breakItem.299":1,"stat.mineBlock.autogen.BiomesOPlenty:logs3":1,"stat.craftItem.autogen.TConstruct:shovel":10,"stat.mineBlock.175":2,"stat.mineBlock.autogen.TConstruct:CraftingStation":13,"stat.useItem.autogen.harvestcraft:cornseedItem":14,"stat.mineBlock.autogen.Forestry:apiculture":1,"stat.useItem.324":15,"stat.killEntity.enderzoo.FallenKnight":1,"stat.mineBlock.autogen.harvestcraft:mushroomgarden":8,"stat.entityKilledBy.Skeleton":1,"achievement.mineWood":149,"stat.entityKilledBy.SpecialMobs.MotherCaveSpider":1,"stat.entityKilledBy.SpecialMobs.BlindingSilverfish":1,"stat.useItem.autogen.harvestcraft:scallionseedItem":14,"stat.mineBlock.autogen.IC2:blockRubLeaves":4,"stat.useItem.86":1,"stat.useItem.85":10,"achievement.openInventory":450,"stat.killEntity.SpecialMobs.PoisonSpider":1,"stat.entityKilledBy.SpecialMobs.SniperSkeleton":1,"stat.mineBlock.159":2424,"stat.entityKilledBy.Creeper":1,"stat.craftItem.58":1,"stat.deaths":50,"stat.drop":184,"stat.useItem.autogen.BiomesOPlenty:saplings":10,"stat.playOneMinute":690663,"stat.killEntity.Sheep":2,"stat.mineBlock.172":10,"stat.mineBlock.170":2,"stat.killEntity.SpecialMobs.GiantZombie":1,"stat.mineBlock.autogen.harvestcraft:herbgarden":2,"stat.diveOneCm":41550,"stat.mineBlock.autogen.harvestcraft:tropicalgarden":2,"stat.useItem.autogen.harvestcraft:pamappleSapling":1,"stat.useItem.65":4,"stat.mineBlock.autogen.BiomesOPlenty:saplings":3,"stat.useItem.61":4,"stat.useItem.autogen.TConstruct:shovel":668,"stat.useItem.autogen.TConstruct:pickaxe":3297,"stat.mineBlock.81":1,"stat.mineBlock.82":5,"stat.mineBlock.85":53,"stat.killEntity.SpecialMobs.PoisonSilverfish":1,"stat.mineBlock.86":1,"stat.killEntity.SpecialMobs.FishingSilverfish":5,"stat.useItem.72":3,"stat.jump":5892,"stat.fallOneCm":109614,"stat.mineBlock.autogen.BiomesOPlenty:flowers":69,"stat.mineBlock.97":8,"stat.entityKilledBy.Thaumcraft.GiantBrainyZombie":1,"stat.craftItem.5":248,"stat.craftItem.autogen.harvestcraft:pamappleSapling":1,"stat.useItem.autogen.harvestcraft:textilegarden":1,"stat.damageTaken":42776,"stat.entityKilledBy.SpecialMobs.SpitfireSkeleton":1,"stat.mineBlock.61":4,"stat.mineBlock.autogen.gregtech:gt.blockores":1,"stat.mineBlock.65":7,"stat.useItem.autogen.gregtech:gt.metatool.01":202,"stat.mineBlock.67":1,"stat.useItem.53":3,"stat.useItem.autogen.harvestcraft:berrygarden":1,"stat.useItem.54":20,"stat.useItem.50":62,"stat.entityKilledBy.Zombie":7,"stat.useItem.autogen.Ztones:tile.korpBlock":1,"stat.damageDealt":1992,"stat.killEntity.Silverfish":8,"stat.mineBlock.72":3,"stat.killEntity.Pig":1,"stat.useItem.58":6,"stat.useItem.autogen.TConstruct:ToolStationBlock":14,"stat.craftItem.autogen.TConstruct:hatchet":9,"stat.mineBlock.47":7,"stat.useItem.autogen.TConstruct:hatchet":622,"stat.killEntity.SpecialMobs.SniperSkeleton":1,"stat.walkOneCm":3985510,"stat.entityKilledBy.SpecialMobs.MotherSpider":6,"stat.killEntity.SpecialMobs.GhostSpider":2,"stat.useItem.159":1843,"stat.mineBlock.autogen.harvestcraft:berrygarden":3,"stat.craftItem.autogen.BiomesOPlenty:planks":4,"stat.useItem.autogen.TConstruct:CraftingStation":13,"stat.mineBlock.44":11,"stat.mineBlock.autogen.Natura:BerryBush":44,"stat.mineBlock.58":5,"stat.useItem.33":1,"stat.breakItem.317":1,"stat.mineBlock.103":7,"stat.mineBlock.autogen.Ztones:tile.korpBlock":1,"stat.mineBlock.102":21,"stat.entityKilledBy.SpecialMobs.DoomCreeper":1,"stat.useItem.39":1,"stat.mineBlock.50":53,"stat.useItem.35":10,"stat.mineBlock.54":18,"stat.mineBlock.53":14,"stat.useItem.170":2,"stat.mineBlock.autogen.BiomesOPlenty:mud":6,"stat.entityKilledBy.SpecialMobs.BrutishZombie":5,"stat.mineBlock.autogen.BiomesOPlenty:leaves3":2,"stat.killEntity.Spider":1,"stat.killEntity.SpecialMobs.FireZombie":1,"stat.mobKills":39,"stat.useItem.380":2,"stat.killEntity.SpecialMobs.PoisonSkeleton":1,"stat.craftItem.393":120,"stat.mineBlock.35":12,"stat.useItem.6":4,"stat.mineBlock.38":8,"stat.useItem.12":242,"stat.mineBlock.39":1,"stat.entityKilledBy.Silverfish":1,"stat.useItem.4":496,"stat.useItem.5":464,"stat.useItem.3":216,"stat.craftItem.autogen.harvestcraft:scallionseedItem":14,"stat.useItem.17":7,"stat.mineBlock.32":1,"stat.useItem.13":2,"stat.mineBlock.31":180,"stat.useItem.390":1,"stat.mineBlock.33":2}