{"stat.leaveGame":10,"stat.mineBlock.13":189,"stat.mineBlock.18":5,"stat.mineBlock.17":142,"stat.entityKilledBy.SpecialMobs.FireSkeleton":1,"stat.mineBlock.12":292,"stat.craftItem.autogen.TConstruct:pickaxe":19,"stat.entityKilledBy.Spider":1,"stat.killEntity.Enderman":1,"serverutilities.stat.time_afk":35228,"stat.useItem.autogen.BiomesOPlenty:flowers":1,"stat.mineBlock.autogen.harvestcraft:stalkgarden":1,"stat.mineBlock.175":2,"stat.useItem.autogen.EnderIO:blockEndermanSkull":2,"stat.mineBlock.autogen.EnderIO:blockEndermanSkull":1,"stat.mineBlock.autogen.Forestry:apiculture":1,"stat.mineBlock.autogen.harvestcraft:mushroomgarden":8,"achievement.mineWood":154,"stat.entityKilledBy.SpecialMobs.MotherCaveSpider":1,"stat.mineBlock.autogen.IC2:blockRubLeaves":4,"stat.useItem.86":1,"stat.useItem.85":10,"achievement.openInventory":544,"stat.killEntity.SpecialMobs.PoisonSpider":1,"stat.mineBlock.159":2615,"stat.craftItem.autogen.gregtech:gt.metatool.01":3,"stat.useItem.98":11,"stat.deaths":58,"stat.playOneMinute":889351,"stat.mineBlock.172":10,"stat.mineBlock.170":2,"stat.killEntity.SpecialMobs.GiantZombie":1,"stat.mineBlock.autogen.harvestcraft:herbgarden":2,"stat.useItem.autogen.harvestcraft:pamappleSapling":1,"stat.mineBlock.autogen.BiomesOPlenty:saplings":3,"stat.useItem.autogen.TConstruct:shovel":782,"stat.useItem.autogen.TConstruct:pickaxe":4739,"stat.fallOneCm":134742,"stat.craftItem.1":9,"stat.mineBlock.autogen.BiomesOPlenty:flowers":70,"stat.entityKilledBy.Thaumcraft.GiantBrainyZombie":1,"stat.craftItem.5":248,"stat.craftItem.autogen.harvestcraft:pamappleSapling":1,"stat.useItem.autogen.harvestcraft:textilegarden":1,"stat.useItem.autogen.gregtech:gt.metatool.01":275,"stat.useItem.autogen.TConstruct:ToolStationBlock":14,"stat.killEntity.SpecialMobs.SniperSkeleton":1,"stat.killEntity.SpecialMobs.GhostSpider":2,"stat.mineBlock.autogen.harvestcraft:berrygarden":3,"stat.mineBlock.autogen.Ztones:tile.korpBlock":1,"stat.entityKilledBy.SpecialMobs.DoomCreeper":1,"stat.entityKilledBy.Enderman":1,"stat.mineBlock.autogen.gregtech:gt.blockgranites":13,"stat.killEntity.SpecialMobs.FireZombie":1,"stat.useItem.6":4,"stat.useItem.4":1106,"stat.useItem.5":464,"stat.useItem.3":464,"stat.entityKilledBy.SpecialMobs.PlagueZombie":2,"stat.entityKilledBy.SpecialMobs.FishingZombie":1,"stat.mineBlock.autogen.TConstruct:ToolStationBlock":9,"stat.swimOneCm":74824,"stat.climbOneCm":43137,"achievement.buildWorkBench":4,"achievement.exploreAllBiomes":{"value":0,"progress":["Garden","Snow Forest","Magical Forest","Seasonal Forest","Prairie","Tropical Rainforest","Brushland","Wet River","Frost Forest","Grove","Temperate River","Sludgepit","Heathland","Lush Desert","Mountain","Eerie","Hot Plains","Temperate Forest","Hot Desert","River Oasis","Hot River","Highland"]},"stat.entityKilledBy.SpecialMobs.NinjaSkeleton":1,"stat.craftItem.autogen.gregtech:gt.metaitem.02":64,"stat.craftItem.364":19,"stat.craftItem.autogen.gregtech:gt.metaitem.01":203,"stat.mineBlock.autogen.BiomesOPlenty:flowers2":5,"stat.entityKilledBy.SpecialMobs.JumpingCreeper":1,"stat.mineBlock.4":799,"stat.mineBlock.5":517,"stat.mineBlock.3":690,"stat.killEntity.SpecialMobs.BrutishSkeleton":1,"stat.mineBlock.1":793,"stat.killEntity.SpecialMobs.FlyingSilverfish":2,"stat.useItem.autogen.Railcraft:track":1,"stat.mineBlock.6":4,"stat.flyOneCm":292661,"stat.craftItem.351":8,"stat.killEntity.SpecialMobs.BlindingSilverfish":6,"stat.useItem.102":16,"stat.mineBlock.autogen.harvestcraft:leafygarden":2,"stat.mineBlock.autogen.BiomesOPlenty:foliage":276,"stat.mineBlock.autogen.BiomesOPlenty:plants":1,"stat.mineBlock.autogen.Railcraft:track":1,"stat.entityKilledBy.enderzoo.FallenKnight":4,"stat.mineBlock.autogen.BiomesOPlenty:fruitBop":9,"stat.mineBlock.autogen.harvestcraft:gourdgarden":1,"stat.craftItem.autogen.harvestcraft:muttoncookedItem":1,"stat.entityKilledBy.SpecialMobs.ArmorCreeper":1,"stat.craftItem.autogen.harvestcraft:cornseedItem":14,"stat.entityKilledBy.SpecialMobs.DirtCreeper":1,"stat.useItem.autogen.Natura:BerryBush":51,"stat.mineBlock.autogen.BiomesOPlenty:logs4":6,"stat.breakItem.299":1,"stat.mineBlock.autogen.BiomesOPlenty:logs3":1,"stat.craftItem.autogen.TConstruct:shovel":10,"stat.mineBlock.autogen.TConstruct:CraftingStation":18,"stat.useItem.autogen.harvestcraft:cornseedItem":14,"stat.useItem.324":15,"stat.killEntity.enderzoo.FallenKnight":1,"stat.entityKilledBy.Skeleton":1,"stat.entityKilledBy.SpecialMobs.BlindingSilverfish":1,"stat.useItem.autogen.harvestcraft:scallionseedItem":14,"stat.useItem.autogen.ifu:ifu_buildingKit":24,"stat.entityKilledBy.SpecialMobs.SniperSkeleton":1,"stat.entityKilledBy.Creeper":1,"stat.craftItem.58":1,"stat.entityKilledBy.SpecialMobs.EnderCreeper":1,"stat.drop":206,"stat.useItem.autogen.BiomesOPlenty:saplings":10,"stat.killEntity.Sheep":2,"stat.diveOneCm":47818,"stat.mineBlock.autogen.harvestcraft:tropicalgarden":2,"stat.useItem.autogen.TConstruct:mattock":6,"stat.useItem.65":4,"stat.useItem.61":4,"stat.mineBlock.81":1,"stat.mineBlock.82":77,"stat.mineBlock.85":53,"stat.killEntity.SpecialMobs.PoisonSilverfish":1,"stat.mineBlock.86":2,"stat.mineBlock.autogen.Railcraft:cube":8,"stat.killEntity.SpecialMobs.FishingSilverfish":5,"stat.mineBlock.autogen.Thaumcraft:blockAiry":1,"stat.useItem.72":8,"stat.jump":7938,"stat.mineBlock.98":11,"stat.mineBlock.97":8,"stat.damageTaken":50582,"stat.entityKilledBy.SpecialMobs.SpitfireSkeleton":2,"stat.mineBlock.61":4,"stat.mineBlock.autogen.gregtech:gt.blockores":418,"stat.mineBlock.65":15,"stat.mineBlock.67":1,"stat.useItem.53":3,"stat.useItem.autogen.harvestcraft:berrygarden":1,"stat.useItem.54":28,"stat.useItem.50":67,"stat.entityKilledBy.Zombie":8,"stat.useItem.autogen.Ztones:tile.korpBlock":1,"stat.damageDealt":2037,"stat.killEntity.Silverfish":8,"stat.mineBlock.72":8,"stat.killEntity.Cow":1,"stat.killEntity.Pig":1,"stat.useItem.58":7,"stat.craftItem.autogen.TConstruct:hatchet":9,"stat.mineBlock.47":7,"stat.useItem.autogen.TConstruct:hatchet":652,"stat.useItem.397":1,"stat.walkOneCm":5022618,"stat.entityKilledBy.SpecialMobs.MotherSpider":6,"stat.craftItem.265":63,"stat.useItem.159":1845,"stat.craftItem.autogen.BiomesOPlenty:planks":4,"stat.useItem.autogen.TConstruct:CraftingStation":17,"stat.mineBlock.44":11,"stat.mineBlock.autogen.Natura:BerryBush":44,"stat.mineBlock.58":6,"stat.useItem.33":1,"stat.breakItem.317":1,"stat.mineBlock.103":7,"stat.mineBlock.102":22,"stat.useItem.39":1,"stat.mineBlock.50":63,"stat.useItem.35":10,"stat.mineBlock.54":25,"stat.mineBlock.53":14,"stat.useItem.170":2,"stat.mineBlock.autogen.BiomesOPlenty:mud":8,"stat.entityKilledBy.SpecialMobs.BrutishZombie":5,"stat.mineBlock.autogen.BiomesOPlenty:leaves3":2,"stat.killEntity.Spider":1,"stat.mobKills":42,"stat.useItem.380":2,"stat.killEntity.SpecialMobs.PoisonSkeleton":1,"stat.craftItem.393":120,"stat.mineBlock.35":13,"stat.mineBlock.38":8,"stat.useItem.12":242,"stat.mineBlock.39":1,"stat.entityKilledBy.Silverfish":1,"stat.craftItem.autogen.harvestcraft:scallionseedItem":14,"stat.useItem.17":7,"stat.mineBlock.32":1,"stat.useItem.13":14,"stat.mineBlock.31":191,"stat.useItem.390":1,"stat.mineBlock.33":2}