{"stat.killEntity.SpecialMobs.SniperSkeleton":1,"stat.walkOneCm":440275,"stat.entityKilledBy.SpecialMobs.MotherSpider":1,"stat.mineBlock.autogen.BiomesOPlenty:logs4":6,"stat.entityKilledBy.SpecialMobs.PlagueZombie":2,"stat.entityKilledBy.SpecialMobs.FishingZombie":1,"stat.craftItem.autogen.BiomesOPlenty:planks":4,"stat.mineBlock.85":1,"stat.mineBlock.autogen.Natura:BerryBush":7,"stat.mineBlock.58":1,"stat.mineBlock.13":20,"stat.mineBlock.17":1,"stat.jump":870,"stat.swimOneCm":1247,"stat.climbOneCm":9924,"stat.fallOneCm":19672,"stat.entityKilledBy.SpecialMobs.FireSkeleton":1,"stat.mineBlock.autogen.harvestcraft:mushroomgarden":7,"achievement.buildWorkBench":1,"stat.mineBlock.103":6,"achievement.mineWood":8,"stat.mineBlock.102":1,"stat.useItem.39":1,"stat.mineBlock.50":2,"achievement.exploreAllBiomes":{"value":0,"progress":["Sludgepit","Seasonal Forest","Prairie","Tropical Rainforest"]},"stat.mineBlock.autogen.BiomesOPlenty:flowers":2,"stat.useItem.35":10,"stat.mineBlock.53":2,"stat.entityKilledBy.Spider":1,"stat.useItem.85":1,"stat.mineBlock.autogen.BiomesOPlenty:mud":6,"stat.mineBlock.autogen.BiomesOPlenty:flowers2":1,"achievement.openInventory":56,"stat.entityKilledBy.SpecialMobs.BrutishZombie":2,"stat.entityKilledBy.SpecialMobs.JumpingCreeper":1,"stat.damageTaken":15597,"stat.mineBlock.3":25,"serverutilities.stat.time_afk":9465,"stat.mobKills":5,"stat.entityKilledBy.Creeper":1,"stat.killEntity.SpecialMobs.PoisonSkeleton":1,"stat.useItem.53":2,"stat.mineBlock.35":10,"stat.flyOneCm":71237,"stat.craftItem.58":1,"stat.deaths":21,"stat.useItem.autogen.BiomesOPlenty:flowers":1,"stat.drop":34,"stat.mineBlock.39":1,"stat.useItem.50":2,"stat.playOneMinute":93872,"stat.mineBlock.autogen.BiomesOPlenty:foliage":4,"stat.entityKilledBy.Zombie":7,"stat.killEntity.Sheep":2,"stat.useItem.3":15,"stat.damageDealt":1313,"stat.mineBlock.72":1,"stat.killEntity.Pig":1,"stat.mineBlock.31":11,"stat.useItem.58":2}