{"stat.walkOneCm":292693,"achievement.buildHoe":1,"stat.mineBlock.autogen.BiomesOPlenty:colorizedLeaves2":1,"stat.leaveGame":6,"stat.mineBlock.13":29,"stat.entityKilledBy.SpecialMobs.DarkCreeper":2,"stat.mineBlock.17":11,"stat.jump":652,"stat.swimOneCm":10956,"stat.climbOneCm":7269,"stat.fallOneCm":14992,"stat.mineBlock.autogen.OpenBlocks:grave":1,"achievement.buildWorkBench":3,"stat.mineBlock.103":1,"achievement.mineWood":15,"stat.entityKilledBy.SpecialMobs.GiantZombie":1,"achievement.exploreAllBiomes":{"value":0,"progress":["Temperate River","Sludgepit","Seasonal Forest","Prairie","Tropical Rainforest","Wet River","Hot Desert"]},"stat.useItem.35":3,"stat.mineBlock.12":3,"stat.mineBlock.autogen.BiomesOPlenty:mud":1,"achievement.openInventory":49,"stat.craftItem.5":2,"stat.entityKilledBy.SpecialMobs.BrutishZombie":1,"stat.killEntity.Chicken":1,"stat.entityKilledBy.SpecialMobs.ToughSpider":1,"stat.mineBlock.162":2,"stat.craftItem.280":4,"stat.damageTaken":8613,"stat.mineBlock.5":3,"stat.mineBlock.3":15,"serverutilities.stat.time_afk":21965,"stat.mobKills":9,"stat.craftItem.autogen.gregtech:gt.metatool.01":2,"stat.mineBlock.35":3,"stat.flyOneCm":64368,"stat.craftItem.58":1,"stat.deaths":12,"stat.useItem.12":1,"stat.drop":18,"stat.playOneMinute":110875,"stat.entityKilledBy.Zombie":5,"stat.mineBlock.autogen.BiomesOPlenty:foliage":3,"stat.killEntity.Sheep":6,"stat.useItem.5":2,"stat.useItem.3":12,"stat.damageDealt":623,"stat.killEntity.Zombie":1,"stat.mineBlock.31":8,"stat.diveOneCm":264,"stat.useItem.58":1}