{"stat.walkOneCm":54011,"achievement.openInventory":11,"stat.mineBlock.autogen.BiomesOPlenty:logs4":2,"stat.damageTaken":6390,"stat.mineBlock.3":10,"stat.craftItem.autogen.BiomesOPlenty:planks":4,"stat.mobKills":1,"stat.mineBlock.35":1,"stat.flyOneCm":7059,"stat.deaths":8,"stat.useItem.autogen.BiomesOPlenty:flowers":1,"stat.drop":1,"stat.jump":131,"stat.playOneMinute":23108,"stat.fallOneCm":5936,"stat.climbOneCm":377,"stat.mineBlock.autogen.BiomesOPlenty:foliage":1,"stat.entityKilledBy.Zombie":7,"stat.killEntity.Sheep":1,"stat.mineBlock.autogen.harvestcraft:mushroomgarden":6,"stat.useItem.3":6,"stat.damageDealt":135,"achievement.mineWood":2,"achievement.exploreAllBiomes":{"value":0,"progress":["Tropical Rainforest"]},"stat.mineBlock.autogen.BiomesOPlenty:flowers":1,"stat.useItem.35":2,"stat.mineBlock.31":9}