{"stat.walkOneCm":62085,"achievement.openInventory":16,"stat.mineBlock.autogen.BiomesOPlenty:colorizedLeaves2":1,"stat.killEntity.Chicken":1,"stat.leaveGame":6,"stat.damageTaken":4317,"stat.mineBlock.3":7,"serverutilities.stat.time_afk":8906,"stat.mobKills":5,"stat.mineBlock.35":1,"stat.flyOneCm":18891,"stat.deaths":5,"stat.drop":7,"stat.mineBlock.17":1,"stat.jump":164,"stat.playOneMinute":39975,"stat.fallOneCm":5307,"stat.climbOneCm":983,"stat.entityKilledBy.Zombie":5,"stat.mineBlock.autogen.OpenBlocks:grave":1,"stat.killEntity.Sheep":3,"stat.useItem.3":1,"stat.damageDealt":305,"achievement.exploreAllBiomes":{"value":0,"progress":["Tropical Rainforest"]}}