{"stat.entityKilledBy.SpecialMobs.PlagueZombie":2,"stat.leaveGame":8,"stat.entityKilledBy.SpecialMobs.FishingZombie":1,"stat.mineBlock.13":166,"stat.mineBlock.18":3,"stat.mineBlock.17":121,"stat.mineBlock.autogen.TConstruct:ToolStationBlock":3,"stat.swimOneCm":41520,"stat.climbOneCm":29535,"stat.entityKilledBy.SpecialMobs.FireSkeleton":1,"achievement.buildWorkBench":1,"achievement.exploreAllBiomes":{"value":0,"progress":["Garden","Snow Forest","Magical Forest","Seasonal Forest","Prairie","Tropical Rainforest","Frost Forest","Temperate River","Sludgepit","Heathland","Lush Desert","Mountain","Eerie","Hot Plains","Temperate Forest","Hot River","Highland"]},"stat.entityKilledBy.SpecialMobs.NinjaSkeleton":1,"stat.mineBlock.12":290,"stat.craftItem.autogen.TConstruct:pickaxe":4,"stat.craftItem.autogen.gregtech:gt.metaitem.02":64,"stat.entityKilledBy.Spider":1,"stat.mineBlock.autogen.BiomesOPlenty:flowers2":5,"stat.entityKilledBy.SpecialMobs.JumpingCreeper":1,"stat.mineBlock.4":465,"stat.mineBlock.5":179,"stat.mineBlock.3":381,"stat.killEntity.SpecialMobs.BrutishSkeleton":1,"stat.mineBlock.1":37,"stat.killEntity.SpecialMobs.FlyingSilverfish":2,"serverutilities.stat.time_afk":9465,"stat.useItem.autogen.Railcraft:track":1,"stat.mineBlock.6":1,"stat.flyOneCm":220995,"stat.craftItem.351":8,"stat.killEntity.SpecialMobs.BlindingSilverfish":6,"stat.useItem.autogen.BiomesOPlenty:flowers":1,"stat.mineBlock.autogen.harvestcraft:leafygarden":2,"stat.mineBlock.autogen.harvestcraft:stalkgarden":1,"stat.mineBlock.autogen.BiomesOPlenty:foliage":251,"stat.mineBlock.autogen.BiomesOPlenty:plants":1,"stat.mineBlock.autogen.Railcraft:track":1,"stat.entityKilledBy.enderzoo.FallenKnight":1,"stat.mineBlock.autogen.BiomesOPlenty:fruitBop":5,"stat.mineBlock.autogen.harvestcraft:gourdgarden":1,"stat.craftItem.autogen.harvestcraft:muttoncookedItem":1,"stat.craftItem.autogen.harvestcraft:cornseedItem":14,"stat.useItem.autogen.Natura:BerryBush":21,"stat.mineBlock.autogen.BiomesOPlenty:logs4":6,"stat.mineBlock.autogen.BiomesOPlenty:logs3":1,"stat.craftItem.autogen.TConstruct:shovel":10,"stat.mineBlock.175":2,"stat.mineBlock.autogen.TConstruct:CraftingStation":5,"stat.useItem.autogen.harvestcraft:cornseedItem":14,"stat.mineBlock.autogen.Forestry:apiculture":1,"stat.useItem.324":6,"stat.mineBlock.autogen.harvestcraft:mushroomgarden":8,"achievement.mineWood":134,"stat.entityKilledBy.SpecialMobs.BlindingSilverfish":1,"stat.useItem.autogen.harvestcraft:scallionseedItem":14,"stat.useItem.86":1,"stat.useItem.85":2,"achievement.openInventory":278,"stat.killEntity.SpecialMobs.PoisonSpider":1,"stat.entityKilledBy.SpecialMobs.SniperSkeleton":1,"stat.mineBlock.159":388,"stat.entityKilledBy.Creeper":1,"stat.craftItem.58":1,"stat.deaths":39,"stat.drop":113,"stat.playOneMinute":400452,"stat.killEntity.Sheep":2,"stat.mineBlock.172":10,"stat.mineBlock.170":2,"stat.mineBlock.autogen.harvestcraft:herbgarden":2,"stat.diveOneCm":41550,"stat.mineBlock.autogen.harvestcraft:tropicalgarden":2,"stat.useItem.65":4,"stat.useItem.61":1,"stat.useItem.autogen.TConstruct:shovel":668,"stat.useItem.autogen.TConstruct:pickaxe":908,"stat.mineBlock.81":1,"stat.mineBlock.82":5,"stat.mineBlock.85":40,"stat.killEntity.SpecialMobs.PoisonSilverfish":1,"stat.mineBlock.86":1,"stat.killEntity.SpecialMobs.FishingSilverfish":5,"stat.useItem.72":1,"stat.jump":3811,"stat.fallOneCm":88588,"stat.mineBlock.autogen.BiomesOPlenty:flowers":69,"stat.mineBlock.97":8,"stat.craftItem.5":246,"stat.craftItem.autogen.harvestcraft:pamappleSapling":1,"stat.useItem.autogen.harvestcraft:textilegarden":1,"stat.damageTaken":28635,"stat.entityKilledBy.SpecialMobs.SpitfireSkeleton":1,"stat.mineBlock.61":1,"stat.mineBlock.autogen.gregtech:gt.blockores":1,"stat.mineBlock.65":4,"stat.useItem.autogen.gregtech:gt.metatool.01":202,"stat.mineBlock.67":1,"stat.useItem.53":2,"stat.useItem.54":9,"stat.useItem.50":2,"stat.entityKilledBy.Zombie":7,"stat.damageDealt":1927,"stat.killEntity.Silverfish":8,"stat.mineBlock.72":2,"stat.killEntity.Pig":1,"stat.useItem.58":6,"stat.useItem.autogen.TConstruct:ToolStationBlock":4,"stat.craftItem.autogen.TConstruct:hatchet":5,"stat.mineBlock.47":7,"stat.useItem.autogen.TConstruct:hatchet":205,"stat.killEntity.SpecialMobs.SniperSkeleton":1,"stat.walkOneCm":2218253,"stat.entityKilledBy.SpecialMobs.MotherSpider":6,"stat.killEntity.SpecialMobs.GhostSpider":2,"stat.useItem.159":1,"stat.mineBlock.autogen.harvestcraft:berrygarden":2,"stat.craftItem.autogen.BiomesOPlenty:planks":4,"stat.useItem.autogen.TConstruct:CraftingStation":5,"stat.mineBlock.44":11,"stat.mineBlock.autogen.Natura:BerryBush":44,"stat.mineBlock.58":5,"stat.useItem.33":1,"stat.breakItem.317":1,"stat.mineBlock.103":7,"stat.mineBlock.102":20,"stat.entityKilledBy.SpecialMobs.DoomCreeper":1,"stat.useItem.39":1,"stat.mineBlock.50":3,"stat.useItem.35":10,"stat.mineBlock.54":7,"stat.mineBlock.53":2,"stat.useItem.170":2,"stat.mineBlock.autogen.BiomesOPlenty:mud":6,"stat.entityKilledBy.SpecialMobs.BrutishZombie":3,"stat.mineBlock.autogen.BiomesOPlenty:leaves3":1,"stat.killEntity.Spider":1,"stat.mobKills":36,"stat.useItem.380":1,"stat.killEntity.SpecialMobs.PoisonSkeleton":1,"stat.craftItem.393":24,"stat.mineBlock.35":11,"stat.useItem.6":1,"stat.mineBlock.38":8,"stat.useItem.12":242,"stat.mineBlock.39":1,"stat.entityKilledBy.Silverfish":1,"stat.useItem.4":491,"stat.useItem.5":418,"stat.useItem.3":199,"stat.craftItem.autogen.harvestcraft:scallionseedItem":14,"stat.useItem.17":7,"stat.mineBlock.32":1,"stat.useItem.13":2,"stat.mineBlock.31":162,"stat.useItem.390":1,"stat.mineBlock.33":2}