{"stat.useItem.autogen.harvestcraft:artichokeseedItem":1,"stat.leaveGame":10,"stat.craftItem.autogen.harvestcraft:celeryseedItem":1,"stat.mineBlock.13":124,"stat.mineBlock.17":99,"stat.entityKilledBy.SpecialMobs.DeathCreeper":1,"stat.useItem.autogen.harvestcraft:stalkgarden":1,"stat.mineBlock.12":199,"stat.craftItem.autogen.TConstruct:pickaxe":2,"stat.entityKilledBy.SpecialMobs.GravityCreeper":1,"stat.craftItem.autogen.harvestcraft:gingerseedItem":1,"serverutilities.stat.time_afk":45494,"stat.useItem.autogen.BiomesOPlenty:flowers":1,"achievement.buildPickaxe":1,"stat.useItem.autogen.BiomesOPlenty:flowers2":1,"achievement.buildBetterPickaxe":1,"stat.mineBlock.175":1,"lootgames.find_dungeon":1,"stat.mineBlock.autogen.Forestry:apiculture":1,"achievement.mineWood":125,"achievement.openInventory":288,"stat.mineBlock.162":7,"stat.mineBlock.autogen.Thaumcraft:blockMagicalLog":3,"stat.craftItem.autogen.gregtech:gt.metatool.01":14,"stat.useItem.autogen.Natura:barley.seed":2,"stat.killEntity.SpecialMobs.ToughSilverfish":1,"stat.deaths":25,"stat.killEntity.SpecialMobs.FireSkeleton":1,"stat.playOneMinute":425345,"stat.useItem.autogen.TConstruct:pickaxe":145,"stat.useItem.autogen.harvestcraft:tomatoseedItem":1,"stat.fallOneCm":61123,"stat.mineBlock.autogen.OpenBlocks:grave":1,"stat.entityKilledBy.Thaumcraft.CultistCleric":1,"achievement.killCow":16,"stat.killEntity.SpecialMobs.BabySpider":9,"stat.craftItem.1":36,"stat.mineBlock.autogen.BiomesOPlenty:flowers":1,"stat.craftItem.5":80,"stat.useItem.autogen.gregtech:gt.metatool.01":425,"stat.useItem.autogen.harvestcraft:herbgarden":1,"stat.useItem.autogen.harvestcraft:gingerseedItem":1,"stat.useItem.autogen.TConstruct:ToolStationBlock":1,"stat.useItem.autogen.harvestcraft:spinachseedItem":1,"stat.mineBlock.autogen.BiomesOPlenty:colorizedLeaves2":1,"stat.useItem.autogen.harvestcraft:broccoliseedItem":1,"stat.entityKilledBy.SpecialMobs.GiantZombie":1,"stat.craftItem.autogen.harvestcraft:spinachseedItem":1,"stat.useItem.6":7,"stat.useItem.4":83,"stat.useItem.5":113,"stat.useItem.3":108,"stat.craftItem.autogen.harvestcraft:chilipepperseedItem":1,"stat.useItem.355":2,"stat.craftItem.61":1,"stat.useItem.autogen.harvestcraft:pamorangeSapling":1,"stat.entityKilledBy.SpecialMobs.DarkCreeper":2,"stat.swimOneCm":41768,"stat.climbOneCm":34038,"achievement.buildWorkBench":20,"achievement.exploreAllBiomes":{"value":0,"progress":["Garden","Snow Forest","Magical Forest","Seasonal Forest","Prairie","Tropical Rainforest","Wet River","Frost Forest","Grove","Temperate River","Sludgepit","Heathland","Lush Desert","Mountain","Hot Desert","Hot Plains","Hot River"]},"stat.entityKilledBy.SpecialMobs.NinjaSkeleton":2,"stat.craftItem.autogen.gregtech:gt.metaitem.02":20,"stat.craftItem.autogen.gregtech:gt.metaitem.01":80,"stat.mineBlock.autogen.BiomesOPlenty:flowers2":1,"stat.craftItem.autogen.Natura:barley.seed":2,"stat.mineBlock.4":71,"stat.mineBlock.5":53,"stat.mineBlock.3":98,"stat.killEntity.SpecialMobs.BrutishSkeleton":1,"stat.mineBlock.1":56,"stat.killEntity.SpecialMobs.FlyingSilverfish":5,"stat.mineBlock.6":4,"stat.flyOneCm":284466,"stat.killEntity.SpecialMobs.BlindingSilverfish":1,"stat.craftItem.355":1,"stat.mineBlock.autogen.BiomesOPlenty:foliage":114,"stat.mineBlock.autogen.BiomesOPlenty:plants":1,"stat.entityKilledBy.enderzoo.FallenKnight":1,"stat.craftItem.autogen.IguanaTweaksTConstruct:clayBucketUnfired":1,"stat.killEntity.SpecialMobs.SmallSpider":1,"stat.useItem.autogen.harvestcraft:tropicalgarden":2,"stat.useItem.autogen.Natura:BerryBush":1,"stat.breakItem.298":1,"stat.useItem.autogen.harvestcraft:chilipepperseedItem":1,"stat.mineBlock.autogen.TConstruct:CraftingStation":2,"stat.craftItem.autogen.harvestcraft:broccoliseedItem":1,"stat.useItem.324":1,"stat.killEntity.enderzoo.FallenKnight":1,"stat.craftItem.35":3,"stat.entityKilledBy.Skeleton":1,"achievement.buildSword":2,"stat.entityKilledBy.SpecialMobs.BlindingSilverfish":1,"stat.useItem.autogen.harvestcraft:scallionseedItem":1,"stat.entityKilledBy.SpecialMobs.ToughSpider":1,"stat.craftItem.autogen.harvestcraft:artichokeseedItem":1,"achievement.killEnemy":35,"achievement.buildFurnace":1,"stat.craftItem.58":1,"stat.drop":86,"stat.killEntity.Sheep":9,"stat.craftItem.54":2,"stat.killEntity.Zombie":1,"stat.diveOneCm":26394,"stat.mineBlock.autogen.Thaumcraft:blockMagicalLeaves":115,"stat.useItem.65":6,"stat.useItem.61":1,"achievement.buildHoe":1,"stat.killEntity.SpecialMobs.GiantSkeleton":1,"stat.mineBlock.82":79,"stat.mineBlock.85":2,"stat.killEntity.SpecialMobs.PoisonSilverfish":4,"stat.mineBlock.autogen.Thaumcraft:blockAiry":2,"stat.killEntity.SpecialMobs.FishingSilverfish":2,"stat.useItem.72":1,"stat.jump":2758,"stat.craftItem.171":3,"stat.mineBlock.autogen.Thaumcraft:blockManaPod":2,"stat.mineBlock.97":4,"stat.useItem.44":5,"stat.useItem.autogen.harvestcraft:celeryseedItem":1,"stat.damageTaken":19696,"stat.craftItem.autogen.IguanaTweaksTConstruct:clayBucketFired":1,"stat.mineBlock.65":3,"stat.useItem.54":9,"stat.mineBlock.79":5,"stat.useItem.autogen.harvestcraft:cabbageseedItem":1,"stat.useItem.50":7,"stat.entityKilledBy.Zombie":5,"stat.entityKilledBy.SpecialMobs.BabySpider":1,"stat.damageDealt":12543,"stat.killEntity.Silverfish":4,"stat.killEntity.Cow":16,"stat.killEntity.Pig":11,"stat.useItem.58":1,"stat.craftItem.autogen.TConstruct:hatchet":1,"stat.useItem.autogen.TConstruct:hatchet":108,"stat.useItem.397":1,"stat.useItem.276":97,"stat.walkOneCm":1559343,"stat.entityKilledBy.SpecialMobs.MotherSpider":2,"stat.killEntity.SpecialMobs.MiniCreeper":1,"lootgames.win_game":1,"stat.useItem.autogen.TConstruct:CraftingStation":1,"stat.mineBlock.44":7,"stat.craftItem.autogen.harvestcraft:tomatoseedItem":1,"stat.useItem.autogen.harvestcraft:leafygarden":2,"stat.mineBlock.103":1,"stat.mineBlock.102":3,"stat.useItem.35":10,"stat.mineBlock.54":6,"stat.mineBlock.53":3,"stat.killEntity.SpecialMobs.WitchSpider":1,"stat.killEntity.Skeleton":1,"stat.killEntity.SpecialMobs.MotherSpider":1,"stat.mineBlock.autogen.BiomesOPlenty:mud":1,"stat.entityKilledBy.SpecialMobs.BrutishZombie":1,"stat.killEntity.Chicken":1,"stat.craftItem.280":38,"stat.mobKills":77,"stat.craftItem.393":70,"stat.mineBlock.35":19,"stat.useItem.12":52,"stat.craftItem.autogen.harvestcraft:cabbageseedItem":1,"stat.entityKilledBy.Silverfish":1,"stat.craftItem.autogen.harvestcraft:scallionseedItem":1,"flintpick":1,"stat.useItem.17":2,"stat.mineBlock.30":5,"stat.useItem.13":1,"stat.mineBlock.31":114,"stat.mineBlock.33":1}