{"stat.craftItem.autogen.harvestcraft:popcornItem":29,"stat.useItem.autogen.harvestcraft:artichokeseedItem":1,"stat.leaveGame":11,"stat.craftItem.autogen.harvestcraft:celeryseedItem":1,"stat.mineBlock.13":124,"stat.mineBlock.18":22,"stat.mineBlock.17":213,"stat.entityKilledBy.SpecialMobs.DeathCreeper":1,"stat.useItem.autogen.harvestcraft:stalkgarden":1,"stat.mineBlock.12":199,"stat.craftItem.autogen.TConstruct:pickaxe":5,"stat.craftItem.autogen.TConstruct:trap.barricade.oak":2,"stat.entityKilledBy.SpecialMobs.GravityCreeper":1,"stat.craftItem.autogen.harvestcraft:gingerseedItem":1,"serverutilities.stat.time_afk":55935,"stat.useItem.autogen.BiomesOPlenty:flowers":1,"achievement.buildPickaxe":1,"stat.useItem.autogen.BiomesOPlenty:flowers2":2,"achievement.buildBetterPickaxe":1,"stat.mineBlock.175":1,"lootgames.find_dungeon":1,"stat.mineBlock.autogen.Forestry:apiculture":1,"achievement.mineWood":284,"stat.craftItem.autogen.dreamcraft:item.WoodenBrickForm":1,"achievement.openInventory":465,"stat.killEntity.SpecialMobs.PoisonSpider":2,"stat.mineBlock.161":6,"stat.mineBlock.162":54,"stat.mineBlock.159":3,"stat.mineBlock.autogen.Thaumcraft:blockMagicalLog":3,"stat.craftItem.autogen.gregtech:gt.metatool.01":15,"stat.useItem.autogen.Natura:barley.seed":2,"stat.killEntity.SpecialMobs.ToughSilverfish":2,"stat.deaths":28,"stat.killEntity.SpecialMobs.FireSkeleton":1,"stat.playOneMinute":590152,"stat.killEntity.SpecialMobs.GiantZombie":1,"stat.mineBlock.autogen.BiomesOPlenty:saplings":1,"stat.useItem.autogen.TConstruct:shovel":50,"stat.mineBlock.autogen.Railcraft:machine.alpha":2,"stat.useItem.autogen.TConstruct:pickaxe":708,"stat.useItem.autogen.harvestcraft:tomatoseedItem":1,"stat.craftItem.autogen.dreamcraft:item.UnfiredCokeOvenBrick":108,"stat.fallOneCm":79426,"stat.mineBlock.autogen.OpenBlocks:grave":1,"stat.entityKilledBy.Thaumcraft.CultistCleric":1,"achievement.killCow":16,"stat.killEntity.SpecialMobs.BabySpider":9,"stat.craftItem.1":41,"stat.mineBlock.autogen.BiomesOPlenty:flowers":1,"stat.craftItem.5":80,"stat.useItem.autogen.gregtech:gt.metatool.01":430,"stat.useItem.autogen.harvestcraft:herbgarden":1,"stat.useItem.autogen.harvestcraft:gingerseedItem":1,"stat.useItem.autogen.TConstruct:ToolStationBlock":13,"stat.useItem.autogen.harvestcraft:spinachseedItem":1,"stat.mineBlock.autogen.BiomesOPlenty:colorizedLeaves2":1,"stat.useItem.autogen.harvestcraft:broccoliseedItem":1,"coke_oven":2,"stat.entityKilledBy.SpecialMobs.GiantZombie":1,"stat.craftItem.autogen.harvestcraft:spinachseedItem":1,"stat.killEntity.SpecialMobs.FireZombie":2,"stat.useItem.6":17,"achievement.acquireIron":6,"stat.useItem.4":136,"stat.useItem.5":113,"stat.useItem.3":277,"stat.craftItem.autogen.harvestcraft:chilipepperseedItem":1,"stat.useItem.355":2,"stat.useItem.autogen.Railcraft:machine.alpha":28,"stat.craftItem.61":1,"stat.useItem.autogen.harvestcraft:pamorangeSapling":1,"stat.useItem.autogen.amazingtrophies:trophy":1,"stat.craftItem.autogen.Railcraft:machine.alpha":26,"stat.craftItem.339":16,"stat.entityKilledBy.SpecialMobs.DarkCreeper":2,"stat.swimOneCm":64033,"stat.mineBlock.autogen.TConstruct:ToolStationBlock":5,"stat.climbOneCm":44714,"achievement.buildWorkBench":21,"achievement.exploreAllBiomes":{"value":0,"progress":["Garden","Snow Forest","Magical Forest","Seasonal Forest","Prairie","Tropical Rainforest","Wet River","Frost Forest","Grove","Temperate River","Sludgepit","Heathland","Lush Desert","Mountain","Hot Desert","Hot Plains","Hot River"]},"stat.entityKilledBy.SpecialMobs.NinjaSkeleton":2,"stat.craftItem.autogen.gregtech:gt.metaitem.02":20,"stat.craftItem.autogen.gregtech:gt.metaitem.01":144,"stat.mineBlock.autogen.BiomesOPlenty:flowers2":2,"stat.craftItem.autogen.Natura:barley.seed":2,"stat.craftItem.autogen.TConstruct:blankPattern":4,"stat.mineBlock.4":308,"stat.mineBlock.5":122,"stat.mineBlock.3":144,"stat.killEntity.SpecialMobs.BrutishSkeleton":1,"stat.mineBlock.1":181,"stat.killEntity.SpecialMobs.FlyingSilverfish":5,"stat.mineBlock.6":4,"stat.flyOneCm":391131,"stat.killEntity.SpecialMobs.BlindingSilverfish":1,"stat.craftItem.355":1,"stat.mineBlock.autogen.BiomesOPlenty:foliage":128,"stat.mineBlock.autogen.BiomesOPlenty:plants":1,"stat.entityKilledBy.enderzoo.FallenKnight":2,"stat.killEntity.SpecialMobs.DoomCreeper":1,"stat.craftItem.autogen.IguanaTweaksTConstruct:clayBucketUnfired":3,"stat.killEntity.SpecialMobs.SmallSpider":1,"stat.useItem.autogen.harvestcraft:tropicalgarden":2,"stat.useItem.autogen.Natura:BerryBush":1,"stat.breakItem.298":1,"stat.useItem.autogen.harvestcraft:chilipepperseedItem":1,"stat.mineBlock.autogen.TConstruct:CraftingStation":5,"stat.craftItem.autogen.TConstruct:ToolStationBlock":4,"ic2.acquireRefinedIron":5,"stat.craftItem.autogen.harvestcraft:broccoliseedItem":1,"stat.craftItem.autogen.dreamcraft:item.CokeOvenBrick":108,"stat.killEntity.SpecialMobs.FlyingSpider":1,"stat.useItem.324":9,"stat.killEntity.enderzoo.FallenKnight":1,"stat.craftItem.35":3,"stat.entityKilledBy.Skeleton":1,"achievement.buildSword":2,"stat.entityKilledBy.SpecialMobs.BlindingSilverfish":1,"stat.useItem.autogen.harvestcraft:scallionseedItem":1,"stat.entityKilledBy.SpecialMobs.ToughSpider":1,"stat.craftItem.autogen.harvestcraft:artichokeseedItem":1,"achievement.killEnemy":48,"achievement.buildFurnace":1,"stat.craftItem.58":1,"stat.drop":132,"stat.useItem.autogen.BiomesOPlenty:saplings":3,"stat.craftItem.50":8,"stat.killEntity.Sheep":9,"stat.craftItem.54":6,"stat.killEntity.Zombie":4,"stat.diveOneCm":29431,"stat.mineBlock.autogen.Thaumcraft:blockMagicalLeaves":115,"stat.useItem.65":10,"stat.useItem.61":3,"achievement.buildHoe":1,"stat.killEntity.SpecialMobs.GiantSkeleton":1,"stat.mineBlock.82":79,"stat.mineBlock.85":4,"stat.killEntity.SpecialMobs.PoisonSilverfish":4,"stat.mineBlock.autogen.Thaumcraft:blockAiry":3,"stat.killEntity.SpecialMobs.FishingSilverfish":2,"stat.useItem.72":5,"stat.jump":3765,"stat.craftItem.171":3,"stat.mineBlock.autogen.Thaumcraft:blockManaPod":2,"stat.mineBlock.97":5,"stat.useItem.44":5,"stat.useItem.autogen.harvestcraft:celeryseedItem":1,"stat.damageTaken":26634,"stat.craftItem.autogen.IguanaTweaksTConstruct:clayBucketFired":3,"stat.mineBlock.61":2,"stat.mineBlock.autogen.gregtech:gt.blockores":189,"stat.mineBlock.65":6,"stat.useItem.53":9,"stat.useItem.54":12,"stat.mineBlock.79":5,"stat.useItem.autogen.harvestcraft:cabbageseedItem":1,"stat.useItem.50":39,"stat.entityKilledBy.Zombie":5,"stat.entityKilledBy.SpecialMobs.BabySpider":1,"stat.damageDealt":15943,"stat.killEntity.Silverfish":4,"stat.killEntity.Cow":16,"stat.mineBlock.72":1,"stat.killEntity.Pig":11,"stat.useItem.58":4,"stat.craftItem.autogen.TConstruct:hatchet":3,"stat.useItem.autogen.TConstruct:hatchet":397,"stat.useItem.397":1,"stat.useItem.276":126,"stat.useItem.154":1,"stat.walkOneCm":2152937,"stat.entityKilledBy.SpecialMobs.MotherSpider":2,"stat.craftItem.265":152,"stat.killEntity.SpecialMobs.MiniCreeper":1,"lootgames.win_game":1,"stat.useItem.autogen.TConstruct:CraftingStation":4,"stat.mineBlock.44":7,"stat.mineBlock.58":4,"stat.craftItem.autogen.harvestcraft:tomatoseedItem":1,"stat.useItem.autogen.harvestcraft:leafygarden":2,"stat.mineBlock.103":1,"stat.mineBlock.102":4,"stat.mineBlock.50":29,"stat.useItem.35":10,"stat.mineBlock.54":6,"stat.mineBlock.53":34,"stat.killEntity.SpecialMobs.WitchSpider":3,"stat.killEntity.Skeleton":1,"stat.mineBlock.autogen.BiomesOPlenty:leaves2":26,"stat.killEntity.SpecialMobs.MotherSpider":1,"stat.mineBlock.autogen.BiomesOPlenty:mud":1,"stat.entityKilledBy.SpecialMobs.BrutishZombie":1,"stat.mineBlock.autogen.BiomesOPlenty:leaves3":17,"stat.killEntity.Chicken":1,"stat.craftItem.280":38,"stat.breakItem.303":1,"stat.mobKills":90,"stat.craftItem.393":70,"stat.mineBlock.35":19,"stat.useItem.12":52,"stat.craftItem.autogen.harvestcraft:cabbageseedItem":1,"stat.entityKilledBy.Silverfish":1,"stat.craftItem.autogen.harvestcraft:scallionseedItem":1,"flintpick":1,"stat.useItem.17":10,"stat.mineBlock.30":6,"stat.useItem.13":1,"stat.mineBlock.31":121,"stat.useItem.390":1,"stat.mineBlock.33":1}