{"stat.killEntity.SpecialMobs.SniperSkeleton":1,"stat.walkOneCm":646341,"stat.entityKilledBy.SpecialMobs.MotherSpider":1,"stat.killEntity.SpecialMobs.GhostSpider":1,"stat.mineBlock.autogen.BiomesOPlenty:logs4":6,"stat.entityKilledBy.SpecialMobs.PlagueZombie":2,"stat.entityKilledBy.SpecialMobs.FishingZombie":1,"stat.mineBlock.autogen.harvestcraft:berrygarden":2,"stat.mineBlock.81":1,"stat.craftItem.autogen.BiomesOPlenty:planks":4,"stat.mineBlock.85":26,"stat.mineBlock.44":11,"stat.mineBlock.autogen.Natura:BerryBush":14,"stat.mineBlock.58":3,"stat.mineBlock.13":34,"stat.mineBlock.17":10,"stat.jump":1244,"stat.swimOneCm":2073,"stat.climbOneCm":17259,"stat.fallOneCm":25955,"stat.entityKilledBy.SpecialMobs.FireSkeleton":1,"stat.mineBlock.autogen.harvestcraft:mushroomgarden":7,"achievement.buildWorkBench":1,"stat.mineBlock.103":6,"achievement.mineWood":16,"stat.mineBlock.102":9,"stat.useItem.39":1,"stat.mineBlock.50":2,"achievement.exploreAllBiomes":{"value":0,"progress":["Sludgepit","Seasonal Forest","Prairie","Tropical Rainforest","Hot Plains"]},"stat.mineBlock.autogen.BiomesOPlenty:flowers":2,"stat.useItem.35":10,"stat.mineBlock.53":2,"stat.entityKilledBy.Spider":1,"stat.useItem.85":1,"stat.mineBlock.autogen.BiomesOPlenty:mud":6,"stat.mineBlock.autogen.BiomesOPlenty:flowers2":1,"achievement.openInventory":90,"stat.craftItem.5":20,"stat.entityKilledBy.SpecialMobs.BrutishZombie":2,"stat.entityKilledBy.SpecialMobs.JumpingCreeper":1,"stat.damageTaken":16686,"stat.mineBlock.4":90,"stat.mineBlock.5":110,"stat.mineBlock.3":37,"serverutilities.stat.time_afk":9465,"stat.mobKills":6,"stat.entityKilledBy.Creeper":1,"stat.killEntity.SpecialMobs.PoisonSkeleton":1,"stat.useItem.autogen.gregtech:gt.metatool.01":183,"stat.mineBlock.67":1,"stat.useItem.53":2,"stat.mineBlock.35":11,"stat.flyOneCm":105096,"stat.craftItem.58":1,"stat.deaths":21,"stat.useItem.autogen.BiomesOPlenty:flowers":1,"stat.drop":36,"stat.mineBlock.39":1,"stat.useItem.50":2,"stat.playOneMinute":129865,"stat.mineBlock.autogen.BiomesOPlenty:foliage":48,"stat.entityKilledBy.Zombie":7,"stat.killEntity.Sheep":2,"stat.useItem.4":67,"stat.useItem.5":68,"stat.useItem.3":15,"stat.damageDealt":1603,"stat.mineBlock.72":1,"stat.killEntity.Pig":1,"stat.mineBlock.autogen.BiomesOPlenty:fruitBop":1,"stat.mineBlock.31":30,"stat.useItem.58":4,"stat.mineBlock.autogen.harvestcraft:tropicalgarden":1}