{"stat.walkOneCm":442141,"stat.useItem.355":1,"stat.useItem.61":1,"achievement.buildHoe":1,"stat.craftItem.61":1,"stat.mineBlock.autogen.BiomesOPlenty:colorizedLeaves2":1,"stat.leaveGame":6,"stat.useItem.autogen.TConstruct:pickaxe":30,"stat.mineBlock.85":2,"stat.mineBlock.13":100,"stat.entityKilledBy.SpecialMobs.DarkCreeper":2,"stat.mineBlock.17":19,"stat.jump":848,"stat.swimOneCm":11692,"stat.climbOneCm":8821,"stat.fallOneCm":17546,"stat.mineBlock.autogen.OpenBlocks:grave":1,"stat.craftItem.35":1,"achievement.buildWorkBench":7,"stat.craftItem.171":3,"stat.mineBlock.103":1,"achievement.buildSword":1,"achievement.mineWood":27,"stat.entityKilledBy.SpecialMobs.GiantZombie":1,"achievement.exploreAllBiomes":{"value":0,"progress":["Temperate River","Sludgepit","Seasonal Forest","Prairie","Tropical Rainforest","Wet River","Hot Desert"]},"stat.useItem.35":9,"stat.mineBlock.53":2,"stat.mineBlock.12":3,"stat.mineBlock.autogen.BiomesOPlenty:mud":1,"achievement.openInventory":96,"stat.craftItem.5":28,"stat.entityKilledBy.SpecialMobs.BrutishZombie":1,"stat.killEntity.Chicken":1,"stat.entityKilledBy.SpecialMobs.ToughSpider":1,"stat.mineBlock.162":2,"stat.craftItem.280":18,"stat.damageTaken":9133,"stat.mineBlock.4":30,"stat.mineBlock.5":45,"stat.mineBlock.3":22,"serverutilities.stat.time_afk":21965,"stat.mobKills":9,"stat.craftItem.autogen.gregtech:gt.metatool.01":6,"stat.useItem.autogen.gregtech:gt.metatool.01":98,"stat.mineBlock.35":18,"achievement.buildFurnace":1,"stat.flyOneCm":82879,"stat.craftItem.58":1,"stat.deaths":12,"stat.useItem.12":1,"stat.drop":44,"stat.useItem.50":1,"achievement.buildPickaxe":1,"stat.craftItem.355":1,"stat.playOneMinute":146828,"stat.entityKilledBy.Zombie":5,"stat.mineBlock.autogen.BiomesOPlenty:foliage":3,"stat.killEntity.Sheep":6,"stat.useItem.5":48,"stat.useItem.3":16,"stat.damageDealt":638,"achievement.buildBetterPickaxe":1,"stat.killEntity.Zombie":1,"flintpick":1,"stat.mineBlock.31":8,"stat.diveOneCm":264,"stat.useItem.58":1}