{"stat.useItem.65":3,"stat.useItem.355":2,"stat.useItem.61":1,"achievement.buildHoe":1,"stat.craftItem.61":1,"stat.useItem.autogen.harvestcraft:artichokeseedItem":1,"stat.leaveGame":7,"stat.useItem.autogen.TConstruct:pickaxe":118,"stat.killEntity.SpecialMobs.GiantSkeleton":1,"stat.useItem.autogen.harvestcraft:tomatoseedItem":1,"stat.mineBlock.82":79,"stat.mineBlock.85":2,"stat.craftItem.autogen.harvestcraft:celeryseedItem":1,"stat.mineBlock.autogen.Thaumcraft:blockAiry":2,"stat.mineBlock.13":124,"stat.entityKilledBy.SpecialMobs.DarkCreeper":2,"stat.mineBlock.17":75,"stat.useItem.72":1,"stat.jump":2436,"stat.swimOneCm":25322,"stat.entityKilledBy.SpecialMobs.DeathCreeper":1,"stat.climbOneCm":31821,"stat.fallOneCm":54462,"stat.mineBlock.autogen.OpenBlocks:grave":1,"stat.entityKilledBy.Thaumcraft.CultistCleric":1,"achievement.buildWorkBench":19,"stat.craftItem.171":3,"achievement.killCow":16,"stat.killEntity.SpecialMobs.BabySpider":9,"stat.craftItem.1":36,"stat.mineBlock.autogen.Thaumcraft:blockManaPod":2,"stat.useItem.autogen.harvestcraft:stalkgarden":1,"achievement.exploreAllBiomes":{"value":0,"progress":["Garden","Snow Forest","Magical Forest","Seasonal Forest","Prairie","Tropical Rainforest","Wet River","Frost Forest","Grove","Temperate River","Sludgepit","Heathland","Lush Desert","Mountain","Hot Desert","Hot Plains","Hot River"]},"stat.mineBlock.autogen.BiomesOPlenty:flowers":1,"stat.entityKilledBy.SpecialMobs.NinjaSkeleton":2,"stat.mineBlock.12":197,"stat.craftItem.autogen.TConstruct:pickaxe":2,"stat.useItem.44":5,"stat.craftItem.autogen.gregtech:gt.metaitem.02":20,"stat.craftItem.autogen.gregtech:gt.metaitem.01":80,"stat.mineBlock.autogen.BiomesOPlenty:flowers2":1,"stat.craftItem.5":80,"stat.useItem.autogen.harvestcraft:celeryseedItem":1,"stat.craftItem.autogen.Natura:barley.seed":2,"stat.damageTaken":17893,"stat.mineBlock.4":48,"stat.craftItem.autogen.IguanaTweaksTConstruct:clayBucketFired":1,"stat.mineBlock.5":47,"stat.entityKilledBy.SpecialMobs.GravityCreeper":1,"stat.mineBlock.3":95,"stat.craftItem.autogen.harvestcraft:gingerseedItem":1,"stat.mineBlock.1":56,"serverutilities.stat.time_afk":34817,"stat.mineBlock.65":3,"stat.useItem.autogen.gregtech:gt.metatool.01":425,"stat.mineBlock.6":3,"stat.useItem.54":9,"stat.useItem.autogen.harvestcraft:herbgarden":1,"stat.mineBlock.79":5,"stat.flyOneCm":270744,"stat.useItem.autogen.harvestcraft:cabbageseedItem":1,"stat.useItem.50":5,"stat.useItem.autogen.BiomesOPlenty:flowers":1,"achievement.buildPickaxe":1,"stat.craftItem.355":1,"stat.entityKilledBy.Zombie":5,"stat.mineBlock.autogen.BiomesOPlenty:foliage":113,"stat.useItem.autogen.harvestcraft:gingerseedItem":1,"stat.mineBlock.autogen.BiomesOPlenty:plants":1,"stat.entityKilledBy.SpecialMobs.BabySpider":1,"stat.useItem.autogen.BiomesOPlenty:flowers2":1,"stat.entityKilledBy.enderzoo.FallenKnight":1,"stat.damageDealt":7948,"achievement.buildBetterPickaxe":1,"stat.killEntity.Cow":16,"stat.killEntity.Pig":11,"stat.craftItem.autogen.IguanaTweaksTConstruct:clayBucketUnfired":1,"stat.killEntity.SpecialMobs.SmallSpider":1,"stat.useItem.58":1,"stat.useItem.autogen.TConstruct:ToolStationBlock":1,"stat.craftItem.autogen.TConstruct:hatchet":1,"stat.useItem.autogen.TConstruct:hatchet":78,"stat.useItem.397":1,"stat.useItem.autogen.harvestcraft:tropicalgarden":2,"stat.useItem.276":40,"stat.walkOneCm":1424633,"stat.useItem.autogen.harvestcraft:spinachseedItem":1,"stat.entityKilledBy.SpecialMobs.MotherSpider":2,"stat.useItem.autogen.Natura:BerryBush":1,"stat.killEntity.SpecialMobs.MiniCreeper":1,"lootgames.win_game":1,"stat.mineBlock.autogen.BiomesOPlenty:colorizedLeaves2":1,"stat.useItem.autogen.harvestcraft:chilipepperseedItem":1,"stat.mineBlock.175":1,"stat.mineBlock.autogen.TConstruct:CraftingStation":2,"stat.craftItem.autogen.harvestcraft:broccoliseedItem":1,"stat.useItem.autogen.TConstruct:CraftingStation":1,"stat.mineBlock.44":7,"lootgames.find_dungeon":1,"stat.mineBlock.autogen.Forestry:apiculture":1,"stat.useItem.324":1,"stat.killEntity.enderzoo.FallenKnight":1,"stat.craftItem.autogen.harvestcraft:tomatoseedItem":1,"stat.craftItem.35":3,"stat.useItem.autogen.harvestcraft:broccoliseedItem":1,"stat.useItem.autogen.harvestcraft:leafygarden":2,"stat.mineBlock.103":1,"achievement.buildSword":1,"achievement.mineWood":100,"stat.mineBlock.102":3,"stat.entityKilledBy.SpecialMobs.GiantZombie":1,"stat.useItem.autogen.harvestcraft:scallionseedItem":1,"stat.useItem.35":10,"stat.mineBlock.54":6,"stat.mineBlock.53":3,"stat.killEntity.SpecialMobs.WitchSpider":1,"stat.craftItem.autogen.harvestcraft:spinachseedItem":1,"stat.killEntity.SpecialMobs.MotherSpider":1,"stat.mineBlock.autogen.BiomesOPlenty:mud":1,"achievement.openInventory":249,"stat.entityKilledBy.SpecialMobs.BrutishZombie":1,"stat.killEntity.Chicken":1,"stat.entityKilledBy.SpecialMobs.ToughSpider":1,"stat.mineBlock.162":7,"stat.craftItem.280":38,"stat.craftItem.autogen.harvestcraft:artichokeseedItem":1,"stat.mobKills":57,"stat.mineBlock.autogen.Thaumcraft:blockMagicalLog":3,"stat.craftItem.autogen.gregtech:gt.metatool.01":13,"achievement.killEnemy":16,"stat.useItem.autogen.Natura:barley.seed":2,"stat.craftItem.393":70,"stat.mineBlock.35":19,"achievement.buildFurnace":1,"stat.craftItem.58":1,"stat.useItem.6":7,"stat.deaths":22,"stat.useItem.12":2,"stat.craftItem.autogen.harvestcraft:cabbageseedItem":1,"stat.drop":68,"stat.killEntity.SpecialMobs.FireSkeleton":1,"stat.playOneMinute":354442,"stat.killEntity.Sheep":9,"stat.useItem.5":65,"stat.craftItem.54":2,"stat.useItem.3":84,"stat.craftItem.autogen.harvestcraft:scallionseedItem":1,"stat.craftItem.autogen.harvestcraft:chilipepperseedItem":1,"stat.killEntity.Zombie":1,"flintpick":1,"stat.useItem.17":2,"stat.mineBlock.30":5,"stat.useItem.13":1,"stat.mineBlock.31":113,"stat.diveOneCm":16819,"stat.mineBlock.autogen.Thaumcraft:blockMagicalLeaves":115,"stat.mineBlock.33":1}