{"stat.entityKilledBy.SpecialMobs.PlagueZombie":2,"stat.leaveGame":6,"stat.entityKilledBy.SpecialMobs.FishingZombie":1,"stat.mineBlock.13":34,"stat.mineBlock.17":121,"stat.mineBlock.autogen.TConstruct:ToolStationBlock":3,"stat.swimOneCm":3084,"stat.climbOneCm":23550,"stat.entityKilledBy.SpecialMobs.FireSkeleton":1,"achievement.buildWorkBench":1,"achievement.exploreAllBiomes":{"value":0,"progress":["Sludgepit","Seasonal Forest","Prairie","Tropical Rainforest","Hot Plains"]},"stat.entityKilledBy.Spider":1,"stat.mineBlock.autogen.BiomesOPlenty:flowers2":5,"stat.entityKilledBy.SpecialMobs.JumpingCreeper":1,"stat.mineBlock.4":139,"stat.mineBlock.5":176,"stat.mineBlock.3":199,"stat.killEntity.SpecialMobs.BrutishSkeleton":1,"stat.mineBlock.1":1,"serverutilities.stat.time_afk":9465,"stat.useItem.autogen.Railcraft:track":1,"stat.mineBlock.6":1,"stat.flyOneCm":139967,"stat.useItem.autogen.BiomesOPlenty:flowers":1,"stat.mineBlock.autogen.harvestcraft:leafygarden":2,"stat.mineBlock.autogen.harvestcraft:stalkgarden":1,"stat.mineBlock.autogen.BiomesOPlenty:foliage":218,"stat.mineBlock.autogen.Railcraft:track":1,"stat.mineBlock.autogen.BiomesOPlenty:fruitBop":1,"stat.craftItem.autogen.harvestcraft:muttoncookedItem":1,"stat.useItem.autogen.Natura:BerryBush":19,"stat.mineBlock.autogen.BiomesOPlenty:logs4":6,"stat.mineBlock.175":2,"stat.mineBlock.autogen.TConstruct:CraftingStation":1,"stat.useItem.324":2,"stat.mineBlock.autogen.harvestcraft:mushroomgarden":7,"achievement.mineWood":125,"stat.useItem.85":2,"achievement.openInventory":141,"stat.killEntity.SpecialMobs.PoisonSpider":1,"stat.entityKilledBy.Creeper":1,"stat.craftItem.58":1,"stat.deaths":26,"stat.drop":55,"stat.playOneMinute":187470,"stat.killEntity.Sheep":2,"stat.mineBlock.autogen.harvestcraft:herbgarden":1,"stat.mineBlock.autogen.harvestcraft:tropicalgarden":1,"stat.useItem.65":4,"stat.useItem.61":1,"stat.useItem.autogen.TConstruct:shovel":213,"stat.useItem.autogen.TConstruct:pickaxe":61,"stat.mineBlock.81":1,"stat.mineBlock.85":40,"stat.jump":1605,"stat.fallOneCm":38339,"stat.mineBlock.autogen.BiomesOPlenty:flowers":3,"stat.craftItem.5":242,"stat.damageTaken":18948,"stat.entityKilledBy.SpecialMobs.SpitfireSkeleton":1,"stat.mineBlock.61":1,"stat.mineBlock.65":4,"stat.useItem.autogen.gregtech:gt.metatool.01":202,"stat.mineBlock.67":1,"stat.useItem.53":2,"stat.useItem.54":1,"stat.useItem.50":2,"stat.entityKilledBy.Zombie":7,"stat.damageDealt":1678,"stat.mineBlock.72":1,"stat.killEntity.Pig":1,"stat.useItem.58":6,"stat.useItem.autogen.TConstruct:ToolStationBlock":4,"stat.craftItem.autogen.TConstruct:hatchet":2,"stat.useItem.autogen.TConstruct:hatchet":179,"stat.killEntity.SpecialMobs.SniperSkeleton":1,"stat.walkOneCm":990090,"stat.entityKilledBy.SpecialMobs.MotherSpider":3,"stat.killEntity.SpecialMobs.GhostSpider":1,"stat.mineBlock.autogen.harvestcraft:berrygarden":2,"stat.craftItem.autogen.BiomesOPlenty:planks":4,"stat.useItem.autogen.TConstruct:CraftingStation":1,"stat.mineBlock.44":11,"stat.mineBlock.autogen.Natura:BerryBush":20,"stat.mineBlock.58":5,"stat.useItem.33":1,"stat.mineBlock.103":6,"stat.mineBlock.102":9,"stat.useItem.39":1,"stat.mineBlock.50":3,"stat.useItem.35":10,"stat.mineBlock.54":1,"stat.mineBlock.53":2,"stat.mineBlock.autogen.BiomesOPlenty:mud":6,"stat.entityKilledBy.SpecialMobs.BrutishZombie":2,"stat.killEntity.Spider":1,"stat.mobKills":9,"stat.killEntity.SpecialMobs.PoisonSkeleton":1,"stat.craftItem.393":24,"stat.mineBlock.35":11,"stat.mineBlock.39":1,"stat.useItem.4":122,"stat.useItem.5":399,"stat.useItem.3":146,"stat.mineBlock.31":146,"stat.mineBlock.33":2}