{"stat.useItem.65":3,"stat.useItem.355":2,"stat.useItem.61":1,"achievement.buildHoe":1,"stat.craftItem.61":1,"stat.leaveGame":7,"stat.useItem.autogen.TConstruct:pickaxe":52,"stat.mineBlock.85":2,"stat.mineBlock.13":123,"stat.entityKilledBy.SpecialMobs.DarkCreeper":2,"stat.mineBlock.17":75,"stat.useItem.72":1,"stat.jump":1208,"stat.swimOneCm":12749,"stat.climbOneCm":19518,"stat.fallOneCm":24466,"stat.mineBlock.autogen.OpenBlocks:grave":1,"achievement.buildWorkBench":7,"stat.craftItem.171":3,"stat.useItem.autogen.harvestcraft:stalkgarden":1,"achievement.exploreAllBiomes":{"value":0,"progress":["Temperate River","Sludgepit","Seasonal Forest","Prairie","Tropical Rainforest","Wet River","Hot Desert"]},"stat.mineBlock.12":3,"stat.mineBlock.autogen.BiomesOPlenty:flowers2":1,"stat.craftItem.5":36,"stat.damageTaken":9193,"stat.mineBlock.4":47,"stat.mineBlock.5":46,"stat.mineBlock.3":86,"serverutilities.stat.time_afk":21965,"stat.mineBlock.65":3,"stat.useItem.autogen.gregtech:gt.metatool.01":133,"stat.mineBlock.6":2,"stat.useItem.54":7,"stat.useItem.autogen.harvestcraft:herbgarden":1,"stat.flyOneCm":118811,"stat.useItem.50":4,"achievement.buildPickaxe":1,"stat.craftItem.355":1,"stat.entityKilledBy.Zombie":5,"stat.mineBlock.autogen.BiomesOPlenty:foliage":109,"stat.useItem.autogen.BiomesOPlenty:flowers2":1,"stat.damageDealt":638,"achievement.buildBetterPickaxe":1,"stat.useItem.58":1,"stat.useItem.autogen.TConstruct:hatchet":67,"stat.useItem.397":1,"stat.useItem.autogen.harvestcraft:tropicalgarden":2,"stat.walkOneCm":686937,"stat.useItem.autogen.Natura:BerryBush":1,"stat.mineBlock.autogen.BiomesOPlenty:colorizedLeaves2":1,"stat.mineBlock.175":1,"stat.mineBlock.44":2,"stat.useItem.324":1,"stat.craftItem.35":3,"stat.useItem.autogen.harvestcraft:leafygarden":2,"stat.mineBlock.103":1,"achievement.buildSword":1,"achievement.mineWood":87,"stat.mineBlock.102":3,"stat.entityKilledBy.SpecialMobs.GiantZombie":1,"stat.useItem.35":10,"stat.mineBlock.54":4,"stat.mineBlock.53":3,"stat.mineBlock.autogen.BiomesOPlenty:mud":1,"achievement.openInventory":145,"stat.entityKilledBy.SpecialMobs.BrutishZombie":1,"stat.killEntity.Chicken":1,"stat.entityKilledBy.SpecialMobs.ToughSpider":1,"stat.mineBlock.162":7,"stat.craftItem.280":18,"stat.mobKills":9,"stat.craftItem.autogen.gregtech:gt.metatool.01":6,"stat.craftItem.393":70,"stat.mineBlock.35":19,"achievement.buildFurnace":1,"stat.craftItem.58":1,"stat.useItem.6":4,"stat.deaths":12,"stat.useItem.12":1,"stat.drop":51,"stat.playOneMinute":211351,"stat.killEntity.Sheep":6,"stat.useItem.5":49,"stat.craftItem.54":2,"stat.useItem.3":78,"stat.killEntity.Zombie":1,"flintpick":1,"stat.useItem.17":2,"stat.useItem.13":1,"stat.mineBlock.31":106,"stat.diveOneCm":643}