{"stat.craftItem.autogen.harvestcraft:popcornItem":29,"stat.useItem.autogen.harvestcraft:artichokeseedItem":1,"stat.leaveGame":25,"stat.craftItem.autogen.harvestcraft:celeryseedItem":1,"stat.mineBlock.13":171,"stat.mineBlock.18":393,"stat.mineBlock.17":464,"stat.entityKilledBy.SpecialMobs.DeathCreeper":1,"stat.useItem.autogen.harvestcraft:stalkgarden":1,"stat.mineBlock.12":199,"stat.craftItem.autogen.TConstruct:pickaxe":11,"stat.craftItem.autogen.TConstruct:trap.barricade.oak":2,"stat.craftItem.autogen.harvestcraft:calamaricookedItem":4,"stat.entityKilledBy.SpecialMobs.GravityCreeper":1,"stat.craftItem.autogen.harvestcraft:gingerseedItem":1,"serverutilities.stat.time_afk":59430,"stat.useItem.autogen.BiomesOPlenty:flowers":1,"achievement.buildPickaxe":1,"stat.useItem.autogen.BiomesOPlenty:flowers2":2,"achievement.buildBetterPickaxe":1,"stat.mineBlock.175":1,"stat.useItem.autogen.EnderIO:blockEndermanSkull":2,"stat.mineBlock.autogen.EnderIO:blockEndermanSkull":2,"lootgames.find_dungeon":1,"stat.mineBlock.autogen.Forestry:apiculture":1,"achievement.mineWood":550,"stat.entityKilledBy.SpecialMobs.MotherCaveSpider":1,"stat.mineBlock.autogen.IC2:blockRubLeaves":53,"stat.useItem.autogen.Thaumcraft:ItemPickThaumium":1,"stat.craftItem.autogen.dreamcraft:item.WoodenBrickForm":1,"stat.useItem.85":1,"achievement.openInventory":658,"stat.killEntity.SpecialMobs.PoisonSpider":2,"stat.mineBlock.161":10,"stat.mineBlock.162":101,"stat.mineBlock.159":15,"stat.mineBlock.autogen.Thaumcraft:blockMagicalLog":3,"stat.craftItem.autogen.gregtech:gt.metatool.01":23,"stat.useItem.autogen.Natura:barley.seed":2,"stat.killEntity.SpecialMobs.ToughSilverfish":2,"stat.deaths":31,"stat.killEntity.SpecialMobs.FireSkeleton":1,"stat.playOneMinute":889645,"stat.killEntity.SpecialMobs.GiantZombie":1,"stat.mineBlock.autogen.BiomesOPlenty:saplings":2,"stat.useItem.autogen.TConstruct:shovel":252,"stat.mineBlock.autogen.Railcraft:machine.alpha":2,"stat.useItem.autogen.TConstruct:pickaxe":1829,"stat.useItem.autogen.harvestcraft:tomatoseedItem":1,"stat.craftItem.autogen.dreamcraft:item.UnfiredCokeOvenBrick":108,"stat.fallOneCm":103711,"stat.mineBlock.autogen.OpenBlocks:grave":1,"stat.entityKilledBy.Thaumcraft.CultistCleric":1,"achievement.killCow":16,"stat.killEntity.SpecialMobs.BabySpider":9,"stat.craftItem.1":52,"stat.mineBlock.autogen.BiomesOPlenty:flowers":1,"stat.useItem.autogen.IC2:blockCrop":8,"stat.craftItem.5":160,"stat.craftItem.autogen.IC2:blockCrop":16,"stat.useItem.autogen.harvestcraft:textilegarden":1,"stat.useItem.autogen.gregtech:gt.metatool.01":472,"stat.useItem.autogen.harvestcraft:herbgarden":1,"stat.useItem.autogen.harvestcraft:gingerseedItem":1,"stat.useItem.autogen.TConstruct:ToolStationBlock":13,"stat.useItem.autogen.harvestcraft:spinachseedItem":1,"stat.mineBlock.autogen.BiomesOPlenty:colorizedLeaves2":1,"stat.mineBlock.autogen.IC2:blockCrop":6,"stat.mineBlock.autogen.gregtech:gt.blockstones":41,"stat.useItem.autogen.harvestcraft:broccoliseedItem":1,"coke_oven":2,"stat.entityKilledBy.SpecialMobs.GiantZombie":1,"stat.craftItem.autogen.harvestcraft:spinachseedItem":1,"stat.mineBlock.autogen.gregtech:gt.blockgranites":29,"stat.killEntity.SpecialMobs.FireZombie":2,"stat.useItem.6":62,"achievement.acquireIron":10,"stat.useItem.4":323,"stat.useItem.5":141,"stat.craftItem.autogen.harvestcraft:toastItem":2,"stat.useItem.3":408,"stat.craftItem.autogen.harvestcraft:chilipepperseedItem":1,"stat.useItem.355":2,"stat.useItem.autogen.Railcraft:machine.alpha":28,"stat.craftItem.61":1,"stat.useItem.autogen.harvestcraft:pamorangeSapling":1,"stat.useItem.autogen.amazingtrophies:trophy":1,"stat.craftItem.autogen.Railcraft:machine.alpha":26,"stat.craftItem.339":16,"stat.entityKilledBy.SpecialMobs.DarkCreeper":2,"stat.killEntity.SpecialMobs.FlyingCaveSpider":1,"stat.swimOneCm":84211,"stat.mineBlock.autogen.TConstruct:ToolStationBlock":5,"stat.climbOneCm":46942,"achievement.buildWorkBench":29,"achievement.exploreAllBiomes":{"value":0,"progress":["Garden","Snow Forest","Magical Forest","Deciduous Forest","Seasonal Forest","Prairie","Tropical Rainforest","Wet River","Frost Forest","Grove","Woodland","Temperate River","Sludgepit","Heathland","Lush Desert","Mountain","Eerie","Canyon","Hot Desert","Hot Plains","Hot River","Mystic Grove"]},"stat.entityKilledBy.SpecialMobs.NinjaSkeleton":2,"stat.craftItem.autogen.gregtech:gt.metaitem.02":91,"stat.craftItem.autogen.gregtech:gt.metaitem.01":559,"stat.mineBlock.autogen.BiomesOPlenty:flowers2":2,"crops":16,"stat.craftItem.autogen.Natura:barley.seed":2,"stat.craftItem.autogen.TConstruct:blankPattern":4,"stat.mineBlock.4":313,"stat.mineBlock.5":131,"stat.mineBlock.3":335,"stat.killEntity.SpecialMobs.BrutishSkeleton":1,"stat.mineBlock.1":954,"stat.killEntity.SpecialMobs.FlyingSilverfish":5,"stat.mineBlock.6":16,"stat.flyOneCm":529641,"stat.killEntity.SpecialMobs.BlindingSilverfish":1,"stat.craftItem.355":1,"stat.mineBlock.autogen.BiomesOPlenty:foliage":145,"stat.mineBlock.autogen.BiomesOPlenty:plants":1,"stat.entityKilledBy.enderzoo.FallenKnight":2,"stat.killEntity.SpecialMobs.DoomCreeper":1,"stat.craftItem.autogen.IguanaTweaksTConstruct:clayBucketUnfired":3,"stat.killEntity.SpecialMobs.SmallSpider":1,"stat.useItem.autogen.harvestcraft:tropicalgarden":2,"stat.killEntity.Bat":1,"stat.useItem.autogen.Natura:BerryBush":1,"stat.breakItem.298":1,"stat.useItem.autogen.harvestcraft:chilipepperseedItem":1,"stat.mineBlock.autogen.BiomesOPlenty:logs4":5,"stat.craftItem.autogen.TConstruct:shovel":4,"stat.mineBlock.autogen.BiomesOPlenty:logs2":5,"stat.mineBlock.autogen.Thaumcraft:blockCosmeticSolid":1,"stat.mineBlock.autogen.TConstruct:CraftingStation":10,"stat.craftItem.autogen.TConstruct:ToolStationBlock":4,"ic2.acquireRefinedIron":9,"stat.craftItem.autogen.harvestcraft:broccoliseedItem":1,"stat.craftItem.autogen.dreamcraft:item.CokeOvenBrick":108,"stat.useItem.autogen.IC2:blockRubWood":1,"stat.killEntity.SpecialMobs.FlyingSpider":1,"stat.useItem.324":9,"stat.killEntity.enderzoo.FallenKnight":2,"stat.craftItem.35":3,"stat.entityKilledBy.Skeleton":1,"achievement.buildSword":2,"stat.killEntity.Squid":2,"stat.entityKilledBy.SpecialMobs.BlindingSilverfish":1,"stat.useItem.autogen.harvestcraft:scallionseedItem":1,"stat.mineBlock.autogen.TConstruct:GravelOre":4,"stat.entityKilledBy.SpecialMobs.ToughSpider":1,"stat.craftItem.autogen.harvestcraft:artichokeseedItem":1,"achievement.killEnemy":54,"achievement.buildFurnace":1,"stat.craftItem.58":1,"stat.drop":181,"stat.useItem.autogen.BiomesOPlenty:saplings":9,"stat.craftItem.50":62,"stat.killEntity.Sheep":9,"stat.craftItem.54":24,"stat.killEntity.Zombie":4,"stat.diveOneCm":41700,"stat.mineBlock.autogen.Thaumcraft:blockMagicalLeaves":115,"stat.useItem.65":10,"stat.useItem.61":3,"achievement.buildHoe":1,"stat.killEntity.SpecialMobs.GiantSkeleton":1,"stat.mineBlock.82":104,"stat.mineBlock.85":5,"stat.killEntity.SpecialMobs.PoisonSilverfish":4,"stat.mineBlock.autogen.Thaumcraft:blockAiry":3,"stat.killEntity.SpecialMobs.FishingSilverfish":2,"stat.useItem.72":5,"stat.jump":5354,"stat.craftItem.171":3,"stat.mineBlock.autogen.Thaumcraft:blockManaPod":2,"stat.mineBlock.98":10,"achievement.hee.3548":1,"stat.mineBlock.97":5,"stat.useItem.44":5,"stat.mineBlock.autogen.BiomesOPlenty:hardDirt":1,"stat.useItem.autogen.harvestcraft:celeryseedItem":1,"stat.mineBlock.autogen.IC2:blockRubWood":19,"tools":4,"stat.damageTaken":29418,"stat.craftItem.autogen.IguanaTweaksTConstruct:clayBucketFired":3,"stat.mineBlock.61":2,"stat.mineBlock.autogen.gregtech:gt.blockores":428,"stat.mineBlock.65":6,"stat.useItem.53":9,"stat.useItem.autogen.IC2:blockRubSapling":5,"stat.useItem.54":28,"stat.mineBlock.79":5,"stat.craftItem.autogen.ifu:ifu_buildingKit":1,"stat.useItem.autogen.harvestcraft:cabbageseedItem":1,"stat.useItem.50":129,"stat.entityKilledBy.Zombie":5,"stat.entityKilledBy.SpecialMobs.BabySpider":1,"stat.damageDealt":17988,"stat.killEntity.Silverfish":4,"stat.killEntity.Cow":16,"stat.mineBlock.72":2,"stat.killEntity.Pig":11,"stat.useItem.58":4,"stat.craftItem.autogen.TConstruct:hatchet":5,"stat.mineBlock.47":3,"stat.useItem.autogen.TConstruct:hatchet":773,"stat.useItem.397":1,"stat.useItem.276":167,"stat.useItem.154":1,"stat.walkOneCm":3215916,"stat.entityKilledBy.SpecialMobs.MotherSpider":2,"stat.craftItem.265":226,"stat.useItem.159":5,"stat.playerKills":1,"stat.killEntity.SpecialMobs.MiniCreeper":1,"lootgames.win_game":1,"stat.entityKilledBy.SpecialMobs.PoisonSkeleton":1,"stat.useItem.autogen.TConstruct:CraftingStation":9,"stat.mineBlock.44":7,"stat.mineBlock.58":4,"stat.useItem.autogen.BiomesOPlenty:hardDirt":1,"stat.craftItem.autogen.harvestcraft:tomatoseedItem":1,"stat.useItem.autogen.harvestcraft:leafygarden":2,"stat.killEntity.SpecialMobs.FishingZombie":1,"stat.mineBlock.103":1,"stat.mineBlock.102":4,"stat.mineBlock.50":62,"stat.useItem.35":10,"stat.mineBlock.54":11,"stat.mineBlock.53":38,"stat.killEntity.SpecialMobs.WitchSpider":3,"stat.mineBlock.autogen.Natura:Bluebells":1,"stat.killEntity.Skeleton":1,"stat.mineBlock.autogen.BiomesOPlenty:leaves2":42,"stat.mineBlock.autogen.BiomesOPlenty:leaves1":3,"stat.killEntity.SpecialMobs.MotherSpider":1,"stat.mineBlock.autogen.BiomesOPlenty:mud":1,"stat.entityKilledBy.SpecialMobs.BrutishZombie":1,"stat.mineBlock.autogen.BiomesOPlenty:leaves4":6,"stat.mineBlock.autogen.BiomesOPlenty:leaves3":17,"stat.killEntity.Chicken":1,"stat.craftItem.280":60,"stat.killEntity.Spider":1,"stat.breakItem.303":1,"stat.mobKills":99,"stat.killEntity.SpecialMobs.PoisonSkeleton":2,"stat.craftItem.393":70,"stat.mineBlock.35":19,"stat.useItem.12":52,"stat.craftItem.autogen.harvestcraft:cabbageseedItem":1,"stat.entityKilledBy.Silverfish":1,"stat.breakItem.300":1,"stat.craftItem.autogen.harvestcraft:scallionseedItem":1,"stat.useItem.17":12,"stat.mineBlock.30":22,"stat.useItem.13":3,"stat.mineBlock.31":129,"stat.useItem.390":1,"stat.mineBlock.33":1}