{"stat.craftItem.autogen.harvestcraft:popcornItem":29,"stat.useItem.autogen.harvestcraft:artichokeseedItem":1,"stat.leaveGame":12,"stat.craftItem.autogen.harvestcraft:celeryseedItem":1,"stat.mineBlock.13":153,"stat.mineBlock.18":37,"stat.mineBlock.17":243,"stat.entityKilledBy.SpecialMobs.DeathCreeper":1,"stat.useItem.autogen.harvestcraft:stalkgarden":1,"stat.mineBlock.12":199,"stat.craftItem.autogen.TConstruct:pickaxe":10,"stat.craftItem.autogen.TConstruct:trap.barricade.oak":2,"stat.entityKilledBy.SpecialMobs.GravityCreeper":1,"stat.craftItem.autogen.harvestcraft:gingerseedItem":1,"serverutilities.stat.time_afk":55935,"stat.useItem.autogen.BiomesOPlenty:flowers":1,"achievement.buildPickaxe":1,"stat.useItem.autogen.BiomesOPlenty:flowers2":2,"achievement.buildBetterPickaxe":1,"stat.mineBlock.175":1,"lootgames.find_dungeon":1,"stat.mineBlock.autogen.Forestry:apiculture":1,"achievement.mineWood":341,"stat.craftItem.autogen.dreamcraft:item.WoodenBrickForm":1,"stat.useItem.85":1,"achievement.openInventory":517,"stat.killEntity.SpecialMobs.PoisonSpider":2,"stat.mineBlock.161":6,"stat.mineBlock.162":84,"stat.mineBlock.159":3,"stat.mineBlock.autogen.Thaumcraft:blockMagicalLog":3,"stat.craftItem.autogen.gregtech:gt.metatool.01":15,"stat.useItem.autogen.Natura:barley.seed":2,"stat.killEntity.SpecialMobs.ToughSilverfish":2,"stat.deaths":29,"stat.killEntity.SpecialMobs.FireSkeleton":1,"stat.playOneMinute":661041,"stat.killEntity.SpecialMobs.GiantZombie":1,"stat.mineBlock.autogen.BiomesOPlenty:saplings":1,"stat.useItem.autogen.TConstruct:shovel":201,"stat.mineBlock.autogen.Railcraft:machine.alpha":2,"stat.useItem.autogen.TConstruct:pickaxe":1650,"stat.useItem.autogen.harvestcraft:tomatoseedItem":1,"stat.craftItem.autogen.dreamcraft:item.UnfiredCokeOvenBrick":108,"stat.fallOneCm":87763,"stat.mineBlock.autogen.OpenBlocks:grave":1,"stat.entityKilledBy.Thaumcraft.CultistCleric":1,"achievement.killCow":16,"stat.killEntity.SpecialMobs.BabySpider":9,"stat.craftItem.1":41,"stat.mineBlock.autogen.BiomesOPlenty:flowers":1,"stat.craftItem.5":88,"stat.useItem.autogen.gregtech:gt.metatool.01":430,"stat.useItem.autogen.harvestcraft:herbgarden":1,"stat.useItem.autogen.harvestcraft:gingerseedItem":1,"stat.useItem.autogen.TConstruct:ToolStationBlock":13,"stat.useItem.autogen.harvestcraft:spinachseedItem":1,"stat.mineBlock.autogen.BiomesOPlenty:colorizedLeaves2":1,"stat.mineBlock.autogen.gregtech:gt.blockstones":7,"stat.useItem.autogen.harvestcraft:broccoliseedItem":1,"coke_oven":2,"stat.entityKilledBy.SpecialMobs.GiantZombie":1,"stat.craftItem.autogen.harvestcraft:spinachseedItem":1,"stat.mineBlock.autogen.gregtech:gt.blockgranites":27,"stat.killEntity.SpecialMobs.FireZombie":2,"stat.useItem.6":28,"achievement.acquireIron":8,"stat.useItem.4":272,"stat.useItem.5":141,"stat.craftItem.autogen.harvestcraft:toastItem":2,"stat.useItem.3":384,"stat.craftItem.autogen.harvestcraft:chilipepperseedItem":1,"stat.useItem.355":2,"stat.useItem.autogen.Railcraft:machine.alpha":28,"stat.craftItem.61":1,"stat.useItem.autogen.harvestcraft:pamorangeSapling":1,"stat.useItem.autogen.amazingtrophies:trophy":1,"stat.craftItem.autogen.Railcraft:machine.alpha":26,"stat.craftItem.339":16,"stat.entityKilledBy.SpecialMobs.DarkCreeper":2,"stat.swimOneCm":74643,"stat.mineBlock.autogen.TConstruct:ToolStationBlock":5,"stat.climbOneCm":44714,"achievement.buildWorkBench":21,"achievement.exploreAllBiomes":{"value":0,"progress":["Garden","Snow Forest","Magical Forest","Seasonal Forest","Prairie","Tropical Rainforest","Wet River","Frost Forest","Grove","Temperate River","Sludgepit","Heathland","Lush Desert","Mountain","Hot Desert","Hot Plains","Hot River"]},"stat.entityKilledBy.SpecialMobs.NinjaSkeleton":2,"stat.craftItem.autogen.gregtech:gt.metaitem.02":26,"stat.craftItem.autogen.gregtech:gt.metaitem.01":163,"stat.mineBlock.autogen.BiomesOPlenty:flowers2":2,"stat.craftItem.autogen.Natura:barley.seed":2,"stat.craftItem.autogen.TConstruct:blankPattern":4,"stat.mineBlock.4":313,"stat.mineBlock.5":131,"stat.mineBlock.3":285,"stat.killEntity.SpecialMobs.BrutishSkeleton":1,"stat.mineBlock.1":836,"stat.killEntity.SpecialMobs.FlyingSilverfish":5,"stat.mineBlock.6":4,"stat.flyOneCm":427903,"stat.killEntity.SpecialMobs.BlindingSilverfish":1,"stat.craftItem.355":1,"stat.mineBlock.autogen.BiomesOPlenty:foliage":137,"stat.mineBlock.autogen.BiomesOPlenty:plants":1,"stat.entityKilledBy.enderzoo.FallenKnight":2,"stat.killEntity.SpecialMobs.DoomCreeper":1,"stat.craftItem.autogen.IguanaTweaksTConstruct:clayBucketUnfired":3,"stat.killEntity.SpecialMobs.SmallSpider":1,"stat.useItem.autogen.harvestcraft:tropicalgarden":2,"stat.useItem.autogen.Natura:BerryBush":1,"stat.breakItem.298":1,"stat.useItem.autogen.harvestcraft:chilipepperseedItem":1,"stat.craftItem.autogen.TConstruct:shovel":2,"stat.mineBlock.autogen.TConstruct:CraftingStation":9,"stat.craftItem.autogen.TConstruct:ToolStationBlock":4,"ic2.acquireRefinedIron":7,"stat.craftItem.autogen.harvestcraft:broccoliseedItem":1,"stat.craftItem.autogen.dreamcraft:item.CokeOvenBrick":108,"stat.killEntity.SpecialMobs.FlyingSpider":1,"stat.useItem.324":9,"stat.killEntity.enderzoo.FallenKnight":1,"stat.craftItem.35":3,"stat.entityKilledBy.Skeleton":1,"achievement.buildSword":2,"stat.killEntity.Squid":2,"stat.entityKilledBy.SpecialMobs.BlindingSilverfish":1,"stat.useItem.autogen.harvestcraft:scallionseedItem":1,"stat.entityKilledBy.SpecialMobs.ToughSpider":1,"stat.craftItem.autogen.harvestcraft:artichokeseedItem":1,"achievement.killEnemy":50,"achievement.buildFurnace":1,"stat.craftItem.58":1,"stat.drop":146,"stat.useItem.autogen.BiomesOPlenty:saplings":9,"stat.craftItem.50":62,"stat.killEntity.Sheep":9,"stat.craftItem.54":6,"stat.killEntity.Zombie":4,"stat.diveOneCm":39828,"stat.mineBlock.autogen.Thaumcraft:blockMagicalLeaves":115,"stat.useItem.65":10,"stat.useItem.61":3,"achievement.buildHoe":1,"stat.killEntity.SpecialMobs.GiantSkeleton":1,"stat.mineBlock.82":79,"stat.mineBlock.85":5,"stat.killEntity.SpecialMobs.PoisonSilverfish":4,"stat.mineBlock.autogen.Thaumcraft:blockAiry":3,"stat.killEntity.SpecialMobs.FishingSilverfish":2,"stat.useItem.72":5,"stat.jump":4321,"stat.craftItem.171":3,"stat.mineBlock.autogen.Thaumcraft:blockManaPod":2,"stat.mineBlock.97":5,"stat.useItem.44":5,"stat.useItem.autogen.harvestcraft:celeryseedItem":1,"stat.damageTaken":27934,"stat.craftItem.autogen.IguanaTweaksTConstruct:clayBucketFired":3,"stat.mineBlock.61":2,"stat.mineBlock.autogen.gregtech:gt.blockores":428,"stat.mineBlock.65":6,"stat.useItem.53":9,"stat.useItem.54":12,"stat.mineBlock.79":5,"stat.useItem.autogen.harvestcraft:cabbageseedItem":1,"stat.useItem.50":125,"stat.entityKilledBy.Zombie":5,"stat.entityKilledBy.SpecialMobs.BabySpider":1,"stat.damageDealt":16743,"stat.killEntity.Silverfish":4,"stat.killEntity.Cow":16,"stat.mineBlock.72":1,"stat.killEntity.Pig":11,"stat.useItem.58":4,"stat.craftItem.autogen.TConstruct:hatchet":3,"stat.useItem.autogen.TConstruct:hatchet":476,"stat.useItem.397":1,"stat.useItem.276":137,"stat.useItem.154":1,"stat.walkOneCm":2427616,"stat.entityKilledBy.SpecialMobs.MotherSpider":2,"stat.craftItem.265":162,"stat.killEntity.SpecialMobs.MiniCreeper":1,"lootgames.win_game":1,"stat.entityKilledBy.SpecialMobs.PoisonSkeleton":1,"stat.useItem.autogen.TConstruct:CraftingStation":8,"stat.mineBlock.44":7,"stat.mineBlock.58":4,"stat.craftItem.autogen.harvestcraft:tomatoseedItem":1,"stat.useItem.autogen.harvestcraft:leafygarden":2,"stat.killEntity.SpecialMobs.FishingZombie":1,"stat.mineBlock.103":1,"stat.mineBlock.102":4,"stat.mineBlock.50":59,"stat.useItem.35":10,"stat.mineBlock.54":6,"stat.mineBlock.53":38,"stat.killEntity.SpecialMobs.WitchSpider":3,"stat.killEntity.Skeleton":1,"stat.mineBlock.autogen.BiomesOPlenty:leaves2":42,"stat.killEntity.SpecialMobs.MotherSpider":1,"stat.mineBlock.autogen.BiomesOPlenty:mud":1,"stat.entityKilledBy.SpecialMobs.BrutishZombie":1,"stat.mineBlock.autogen.BiomesOPlenty:leaves3":17,"stat.killEntity.Chicken":1,"stat.craftItem.280":60,"stat.breakItem.303":1,"stat.mobKills":94,"stat.killEntity.SpecialMobs.PoisonSkeleton":1,"stat.craftItem.393":70,"stat.mineBlock.35":19,"stat.useItem.12":52,"stat.craftItem.autogen.harvestcraft:cabbageseedItem":1,"stat.entityKilledBy.Silverfish":1,"stat.breakItem.300":1,"stat.craftItem.autogen.harvestcraft:scallionseedItem":1,"flintpick":1,"stat.useItem.17":10,"stat.mineBlock.30":6,"stat.useItem.13":3,"stat.mineBlock.31":122,"stat.useItem.390":1,"stat.mineBlock.33":1}