{"stat.walkOneCm":176886,"stat.mineBlock.autogen.BiomesOPlenty:mud":1,"stat.mineBlock.autogen.BiomesOPlenty:flowers2":1,"achievement.openInventory":26,"stat.mineBlock.autogen.BiomesOPlenty:logs4":6,"stat.damageTaken":6760,"stat.mineBlock.3":23,"serverutilities.stat.time_afk":9465,"stat.craftItem.autogen.BiomesOPlenty:planks":4,"stat.mobKills":2,"stat.entityKilledBy.Creeper":1,"stat.mineBlock.autogen.Natura:BerryBush":1,"stat.mineBlock.35":2,"stat.mineBlock.13":19,"stat.flyOneCm":19615,"stat.craftItem.58":1,"stat.deaths":9,"stat.useItem.autogen.BiomesOPlenty:flowers":1,"stat.drop":3,"stat.jump":379,"stat.swimOneCm":585,"stat.playOneMinute":58390,"stat.fallOneCm":11259,"stat.climbOneCm":1188,"stat.mineBlock.autogen.BiomesOPlenty:foliage":2,"stat.entityKilledBy.Zombie":7,"stat.killEntity.Sheep":2,"stat.mineBlock.autogen.harvestcraft:mushroomgarden":7,"achievement.buildWorkBench":1,"stat.useItem.3":15,"stat.damageDealt":250,"stat.mineBlock.103":6,"achievement.mineWood":6,"achievement.exploreAllBiomes":{"value":0,"progress":["Sludgepit","Seasonal Forest","Prairie","Tropical Rainforest"]},"stat.mineBlock.autogen.BiomesOPlenty:flowers":2,"stat.useItem.35":3,"stat.mineBlock.31":9,"stat.useItem.58":1}