{"stat.walkOneCm":122014,"stat.mineBlock.autogen.BiomesOPlenty:mud":1,"achievement.openInventory":23,"stat.mineBlock.autogen.BiomesOPlenty:colorizedLeaves2":1,"stat.killEntity.Chicken":1,"stat.leaveGame":6,"stat.mineBlock.162":2,"stat.damageTaken":5577,"stat.mineBlock.3":15,"serverutilities.stat.time_afk":21965,"stat.mobKills":7,"stat.mineBlock.35":1,"stat.mineBlock.13":29,"stat.flyOneCm":37304,"stat.deaths":6,"stat.drop":9,"stat.mineBlock.17":1,"stat.jump":314,"stat.swimOneCm":7059,"stat.playOneMinute":75841,"stat.fallOneCm":8638,"stat.climbOneCm":3286,"stat.entityKilledBy.Zombie":5,"stat.mineBlock.autogen.OpenBlocks:grave":1,"stat.killEntity.Sheep":4,"stat.useItem.3":12,"stat.damageDealt":495,"stat.killEntity.Zombie":1,"achievement.mineWood":2,"achievement.exploreAllBiomes":{"value":0,"progress":["Temperate River","Sludgepit","Seasonal Forest","Tropical Rainforest","Wet River"]},"stat.mineBlock.31":5,"stat.diveOneCm":119,"stat.mineBlock.12":3}