{"stat.walkOneCm":40546,"achievement.openInventory":6,"stat.mineBlock.autogen.BiomesOPlenty:colorizedLeaves2":1,"stat.killEntity.Chicken":1,"stat.leaveGame":6,"stat.damageTaken":1745,"stat.mobKills":5,"stat.flyOneCm":13856,"stat.deaths":2,"stat.drop":7,"stat.mineBlock.17":1,"stat.jump":113,"stat.playOneMinute":12394,"stat.fallOneCm":3324,"stat.climbOneCm":931,"stat.entityKilledBy.Zombie":2,"stat.mineBlock.autogen.OpenBlocks:grave":1,"stat.killEntity.Sheep":3,"stat.damageDealt":175,"achievement.exploreAllBiomes":{"value":0,"progress":["Tropical Rainforest"]}}